vendor_name,total_payment,projects,avg_cost,avg_risk,dataset_version
SHRI GURU KRIPA NARSINGH ASSOCIATES,35321457.0,1,35321457.0,68.51,V39
BSDEV INFRATECH INIDA PRIVATE LIMITED,22288000.0,28,796000.0,52.089999999999996,V39
SWAMI POWERTECH,18478681.0,109,169529.18348623853,51.62467889908257,V39
JAI MATA DI VP CONSTRUCTION,18055890.0,25,722235.6,52.5408,V39
RAILTRO ENGINEERING PVT LTD,14052200.0,50,281044.0,50.61,V39
SILIGURI TRADING CENTRE Previously Known as G AND D TRADERS,13121600.0,16,820100.0,63.06,V39
NAVEEN ENTERPRISES,12888768.0,54,238680.88888888888,50.952222222222225,V39
Alam Brothers,11550000.0,12,962500.0,42.07,V39
Tvinkal Saroj,10813173.0,8,1351646.625,43.81,V39
D AND GRANDSONS ENGG PVT LTD,9995000.0,5,1999000.0,38.6,V39
Gaur Construction,9707139.0,1,9707139.0,68.32,V39
SOFTHARD INNOVATIONS SOLUTIONS PRIVATE LIMITED,9000000.0,1,9000000.0,68.08,V39
SHRI GANESH ELECTRICAL AND CONTRACTER,8985075.0,53,169529.71698113208,53.05981132075472,V39
Naina Devi Construction,8608116.0,33,260852.0,49.82,V39
RAMJI CONSTRUCTION,8580000.0,1,8580000.0,68.1,V39
EXECUTIVE ENGINER NREP GIRIDIH,7986645.0,39,204785.76923076922,53.02692307692308,V39
A MINE TRADERS,7661676.0,44,174129.0,49.37,V39
Krishna Kumar Contractor,7568246.0,29,260974.0,49.540000000000006,V39
G H ENTERPRISES,7125147.0,69,103263.0,50.15,V39
TUMKUR NIRMITHI KENDRA,6975000.0,6,1162500.0,58.24166666666667,V39
Lhangti Konyak,6800000.0,1,6800000.0,68.04,V39
Lakshya Contruction,6370363.0,27,235939.37037037036,47.934444444444445,V39
CHANCH PRO ENGINEERS,6249750.0,25,249990.0,48.89,V39
Mhachen Humtsoe,6000000.0,1,6000000.0,67.98,V39
District Engineer,5849689.0,26,224988.03846153847,60.20884615384615,V39
SHREE KRIPA ENTERPRISES SATNA,5809403.0,29,200324.24137931035,49.284827586206895,V39
BOND CONSTRUCTION,5153164.0,10,515316.4,42.779,V39
Executive Engineer and EO,4998740.0,1,4998740.0,68.88,V39
PARVATI CONSTRUCTION,4975000.0,1,4975000.0,67.92,V39
M Butchaiah and Company,4939780.0,1,4939780.0,67.91,V39
RAJAT SUBHRA MANDAL,4881631.0,1,4881631.0,67.9,V39
R G SUPPLIERS,4830000.0,46,105000.0,49.2,V39
BDO SUBDEGA PS MISC,4800000.0,10,480000.0,54.63000000000001,V39
Royal traders,4725463.0,1,4725463.0,67.87,V39
KRISHNAPPA C S,4681278.0,1,4681278.0,67.86,V39
M S TRADERS,4590384.0,4,1147596.0,55.365,V39
VISHWESHWARI ELECTRICALS,4577310.0,27,169530.0,47.86,V39
NIRMITHI KENDRA DAVANGERE,4500000.0,6,750000.0,55.35333333333333,V39
SUBRATA SAHA,4410180.0,6,735030.0,54.65,V39
anurag urban tecinfra pvt ltd,4395727.0,2,2197863.5,58.91,V39
ABHISHEK KUMAR SINGH,4368000.0,1,4368000.0,67.52,V39
Medoju Venugopal,4354322.0,3,1451440.6666666667,55.39000000000001,V39
IMAMUDDIN,4343578.0,70,62051.114285714284,54.811428571428564,V39
KRIDL BHUSIRI ACCOUNT WORKS,4325000.0,12,360416.6666666667,57.982499999999995,V39
Prasenjit Das,4316480.0,1,4316480.0,67.37,V39
Gandhi Construction And Supplier,4086433.0,35,116755.22857142857,54.06028571428572,V39
SATYAVER SIGH CONTRACTOR AND SUPPLIER,4019502.0,10,401950.2,56.128,V39
Vastu Shree Constructions,4001775.0,6,666962.5,53.99333333333333,V39
TANISHKA PRAKASHAN,4000000.0,1,4000000.0,66.6,V39
AGAMESWARI CO OPERATIVE LABOUR CONTRACT AND CONSTRUCTION SOCIETY LTD,3994199.0,1,3994199.0,66.59,V39
EXECUTIVE ENGINEER N R E P DEOGHAR MPLADS,3837500.0,24,159895.83333333334,44.10041666666667,V39
L G Arasu,3774771.0,3,1258257.0,59.26,V39
AADI AND RUDRANSH CONSTRUCTION COMPANY,3703633.0,4,925908.25,57.4675,V39
JAI PRAKASH,3649140.0,10,364914.0,49.084,V39
DEEPAK KUMAR SHARMA,3528574.0,3,1176191.3333333333,54.5,V39
satya dev construction co,3460185.0,4,865046.25,54.655,V39
ARVIND SINGH SATNA,3370745.0,16,210671.5625,58.385625,V39
MANISH FEBRICATION,3319262.0,22,150875.54545454544,47.304545454545455,V39
RAJKUMAR TIWARI,3170432.0,1,3170432.0,64.59,V39
A K CONSTRUCTION,3167325.0,11,287938.63636363635,55.28181818181818,V39
SS Steel Industries Sirsa,3149996.0,18,174999.77777777778,54.02444444444445,V39
KAMBOJ AGRI WORKS,3135000.0,19,165000.0,39.66,V39
D R KUKADIA,3130066.0,1,3130066.0,64.49,V39
CHADARAM VENKATA RAMANA,3121992.0,2,1560996.0,53.25,V39
NEELAM VERMA,3020327.0,7,431475.28571428574,52.33714285714286,V39
DIVINE ENTERPRISES,3000000.0,5,600000.0,53.446000000000005,V39
Sree and Co,3000000.0,1,3000000.0,66.81,V39
SANSKRUTI ASSOCIATES PVT LTD,2998500.0,1,2998500.0,63.99,V39
PREM SAI MAJUR SAHAKARI SANSTHA MARYADIT,2983846.0,3,994615.3333333334,54.73666666666666,V39
mohini anil bhise,2981098.0,3,993699.3333333334,54.73333333333333,V39
Keltron Component complex Ltd Kannur,2970000.0,26,114230.76923076923,48.72038461538462,V39
BHAGWATI CHAND,2940447.0,1,2940447.0,63.73,V39
Singh Construction,2935489.0,1,2935489.0,63.7,V39
Gul Ahmad Contractor,2923271.0,109,26819.0,51.13,V39
SARAVANAN S,2887769.0,1,2887769.0,63.43,V39
RM ENTERPRISE,2884500.0,4,721125.0,54.417500000000004,V39
MA LAXMI ELECTRICAL ENGINEERING WORKS,2850000.0,19,150000.0,55.300000000000004,V39
MS SAKET TRADERS,2848272.0,3,949424.0,49.69333333333333,V39
PRAKASH,2731398.0,2,1365699.0,55.945,V39
BASUDEB HAZRA,2685218.0,1,2685218.0,62.64,V39
SE O and M MPPKVVCL SIDHI,2627693.0,10,262769.3,55.399,V39
PROJECT MANAGER NIRMITHI KENDRA MANDYA,2625000.0,8,328125.0,52.085,V39
ALAGARSAMY P,2566137.0,1,2566137.0,62.12,V39
Subansiri Traders Ziro,2500000.0,1,2500000.0,68.77,V39
Jaya Lcs Ltd,2498104.0,1,2498104.0,64.19,V39
Padmawati Mssm,2498103.0,1,2498103.0,61.55,V39
Jeeva S,2497826.0,1,2497826.0,61.54,V39
Lokesh C,2495309.0,1,2495309.0,61.53,V39
SHREE HARIOM INFOTECH,2492131.0,2,1246065.5,54.620000000000005,V39
Umesh S,2487158.0,1,2487158.0,61.45,V39
Ravi Realcon Pvt Ltd,2482831.0,1,2482831.0,61.42,V39
MANDA RAJITHA,2464008.0,5,492801.6,51.686,V39
DHANSHREE GANGARAM PATIL,2447691.0,1,2447691.0,61.03,V39
MEMBER SECY OB AND OC WWB BBSR,2400000.0,4,600000.0,40.7825,V39
S S Traders,2389000.0,1,2389000.0,60.7,V39
R K AGENCIES,2376000.0,4,594000.0,53.84,V39
PRABHAKARAN K,2353898.0,1,2353898.0,60.51,V39
Ajay Kumar Singh,2328400.0,119,19566.386554621848,52.01428571428571,V39
KSK ENGINEERS,2317226.0,2,1158613.0,37.695,V39
SAROJ KANTA NAIK,2300000.0,6,383333.3333333333,52.15,V39
SRIJAN CONSTRUCTION,2280018.0,1,2280018.0,60.63,V39
Sre MCM and Co,2276220.0,1,2276220.0,60.6,V39
Medica Enterprises,2249700.0,1,2249700.0,55.67,V39
RAJESH CHAUHAN,2232355.0,3,744118.3333333334,52.623333333333335,V39
MR RAJESWARAN LOHIYADASAN,2214985.0,1,2214985.0,56.28,V39
GURJEET SINGH,2202571.0,1,2202571.0,56.3,V39
M A construction,2201356.0,1,2201356.0,56.29,V39
SG ENTERPRISE,2199000.0,1,2199000.0,56.27,V39
Yuvraj Construction,2196405.0,2,1098202.5,46.275000000000006,V39
SAI ENTERPRISES,2193739.0,4,548434.75,55.3475,V39
DWIVIDI CONSTRUCTION AND SUPPLIER PRO HARE RAM DWIVEDI,2191968.0,3,730656.0,52.946666666666665,V39
JAIPUR VIDYUT VITRAN NIGAM LIMITED,2191248.0,1,2191248.0,56.21,V39
Ms Krishna Traders,2177781.0,3,725927.0,36.73,V39
UNITED FENCE SYSTEMS,2152251.0,2,1076125.5,37.405,V39
SOBIN SABU,2150279.0,1,2150279.0,55.97,V39
VIDYA SINGH,2147355.0,35,61353.0,49.01,V39
J K D V PRASADA RAJU,2137740.0,3,712580.0,53.51333333333333,V39
DARSH BUILDCON,2129535.0,3,709845.0,42.473333333333336,V39
The Golden Cooperative society ltd,2112233.0,6,352038.8333333333,51.725,V39
BADRI PRASAD,2107807.0,1,2107807.0,55.55,V39
Jai Bholenath Majoor Sahakari Sanstha Maryadit,2098407.0,1,2098407.0,58.54,V39
ASSISTANT ENGINEER HAYAGHAT,2087811.0,3,695937.0,42.0,V39
PRAYAG ENTERPRISES,2032924.0,1,2032924.0,61.93,V39
Rajasthan Electronics And Instruments Limited,2000000.0,2,1000000.0,36.93,V39
SAHAYA THATHEYOUSH S,2000000.0,1,2000000.0,38.21,V39
Kandhasamy N,2000000.0,1,2000000.0,38.21,V39
JAYALAKSHMI BUILDERS,2000000.0,1,2000000.0,38.21,V39
Amiya Ku Das,2000000.0,3,666666.6666666666,53.699999999999996,V39
PRATIBHA PRATISHTHAN,1999844.0,1,1999844.0,38.19,V39
RLatha,1999836.0,1,1999836.0,38.19,V39
SIR VISHVESHWARAYYA SUSHIKSHIT BEROJGARABHIYANTA SEVA,1999000.0,1,1999000.0,38.08,V39
PINDI UMA LAKSHMANA KUMAR,1998834.0,4,499708.5,35.185,V39
Jai Hanuman Co Op Lcs Ltd,1998482.0,1,1998482.0,58.44,V39
RENUKA CO OP LABOUR SOCIETY LIMITED,1998482.0,1,1998482.0,58.63,V39
Mahendra Jagannath Lokhande,1998481.0,1,1998481.0,58.54,V39
Jai hind penting plumber road v building works majur,1981405.0,1,1981405.0,37.78,V39
tushar satish rawale,1980203.0,2,990101.5,37.025,V39
PUTALAI MAJOR SAHAKARI SANSTHA MARYAD NAVISHEMALI,1978912.0,2,989456.0,37.12,V39
SHREE SHYAM ENTERPRISES,1977205.0,2,988602.5,37.15,V39
Giridhar Digambar PatilDakore,1975637.0,1,1975637.0,37.78,V39
K S Construction,1967994.0,1,1967994.0,37.78,V39
Narsinga Srinivas,1964986.0,1,1964986.0,37.78,V39
Mahadev Construction co,1964699.0,2,982349.5,46.535,V39
BHARGAVA RAM ENTERPRISES,1958636.0,4,489659.0,35.03,V39
SAO MANNROW CONSTRUCTIONS PRIVATE LIMITED,1947249.0,1,1947249.0,37.77,V39
K SAJEEVAN,1929300.0,1,1929300.0,37.48,V39
VIGNESHWARAN,1900000.0,1,1900000.0,36.95,V39
TS SEKAR,1899126.0,1,1899126.0,36.84,V39
PARKLANDS SOLAR PRIVATE LIMITED,1899000.0,19,99947.36842105263,57.27,V39
Samona Enterprises,1898368.0,1,1898368.0,36.83,V39
Ms Surya Mssm,1897047.0,1,1897047.0,36.83,V39
shiv shakti construction and order supplier,1895080.0,1,1895080.0,36.83,V39
Shubham Bhure,1892298.0,2,946149.0,36.894999999999996,V39
Vstone Infrastructure,1886571.0,2,943285.5,36.98,V39
MS SURENDRA SINGH THEKEDAR,1884581.0,1,1884581.0,36.83,V39
Mr MAHANTA NARZARY,1875000.0,2,937500.0,46.019999999999996,V39
Buddha Enterprises,1865906.0,1,1865906.0,36.82,V39
TANYA CONSTRUCTION,1861980.0,11,169270.9090909091,41.39454545454545,V39
Balakumar R,1860394.0,1,1860394.0,36.82,V39
AKSHAT BUILDERS,1854247.0,4,463561.75,52.9975,V39
guddi devi,1849325.0,3,616441.6666666666,54.31,V39
RAATH AUTOMOTIVES PVT LTD,1833174.0,1,1833174.0,37.69,V39
Hisana Thasni KV,1818309.0,1,1818309.0,53.75,V39
Rajeev Kumar Trivedi,1800000.0,1,1800000.0,54.05,V39
D K NIRMITHI KENDRA,1800000.0,1,1800000.0,54.05,V39
N RAMALINGAM,1799018.0,1,1799018.0,54.06,V39
Utkasharsha Majoor Sahakaari Sanstha Maryadit,1798633.0,1,1798633.0,54.06,V39
SML ISUZU LTD,1768000.0,1,1768000.0,54.9,V39
SDO OP Division DHBVN Atela Kalan,1756500.0,7,250928.57142857142,55.47714285714285,V39
Masti ram,1744575.0,7,249225.0,49.660000000000004,V39
MILIND CHOUDHARY,1730100.0,2,865050.0,54.010000000000005,V39
PRAVINDRA KUMAR,1725714.0,4,431428.5,53.8175,V39
M Saravanan,1720039.0,1,1720039.0,54.8,V39
TEHADKIYA ENTERPRISES,1717610.0,1,1717610.0,54.79,V39
TIRUPATI cONSTRUCTION,1699052.0,3,566350.6666666666,52.54333333333333,V39
ROSHAN PANDURANG BODKE,1698852.0,2,849426.0,54.02,V39
MS NS INFRA ENTERPRISES,1697470.0,1,1697470.0,54.87,V39
MS APT CONSTRUCTIONS,1695480.0,1,1695480.0,54.89,V39
Rajendra Engineers,1685215.0,2,842607.5,54.19,V39
KONICA MINOLTA HEALTHCARE INDIA PVT LTD,1675000.0,1,1675000.0,55.29,V39
EE MPPKVVCL MANDSAUR AE MPPKVVCL RATLAM,1672640.0,1,1672640.0,55.3,V39
R SIVAKUMAR,1671465.0,1,1671465.0,55.31,V39
C S TECHNOLOGIES,1668214.0,8,208526.75,49.75875,V39
MOHAMMED RAHEEMUDDIN,1663134.0,5,332626.8,51.208000000000006,V39
SAI SHARAN CONSTRUCTION CO,1653180.0,3,551060.0,53.156666666666666,V39
SARITA BEHERA,1624747.0,2,812373.5,53.975,V39
MK INFRATECH,1623947.0,5,324789.4,52.275999999999996,V39
ASIR BARAN ROY,1615346.0,1,1615346.0,55.84,V39
New Ramesh Fabrication,1600000.0,1,1600000.0,59.89,V39
SANDHIYA and CO,1600000.0,1,1600000.0,55.52,V39
T SIVACHANDRAN,1599925.0,1,1599925.0,55.52,V39
Raveendhra G,1599822.0,1,1599822.0,55.52,V39
Shri Murugan Associates,1599786.0,2,799893.0,37.03,V39
ASSISTANT ENGINEER LAEO BARACHATTI VIDHAN SABHA,1564494.0,2,782247.0,56.525000000000006,V39
TANVEER ABIDALI LASHKARI,1563750.0,5,312750.0,51.126,V39
SARO OVERSEAS PRIVATE LIMITED,1557710.0,7,222530.0,50.14999999999999,V39
M SENTHILKUMAR,1519842.0,1,1519842.0,38.32,V39
VADIHBOINA CHENCHU REDDY,1519767.0,4,379941.75,52.222500000000004,V39
RAJ DINESH PANDIRKAR,1500000.0,1,1500000.0,37.7,V39
GRAM PANCHYAT MOTIWADA NEW,1500000.0,3,500000.0,34.45,V39
DAKTAR MURMU,1500000.0,3,500000.0,34.45,V39
Raju S,1500000.0,1,1500000.0,37.7,V39
SUBRAMANIAN,1499401.0,1,1499401.0,37.68,V39
RICHARD HARDSON K,1499336.0,1,1499336.0,37.67,V39
kalpesh vasant vichare,1498862.0,1,1498862.0,37.66,V39
Shivneri Coop Labour Society ltd,1498861.0,1,1498861.0,58.43,V39
Gangadharan V K,1498694.0,1,1498694.0,37.64,V39
ADVIK ENTERPRISES PRO RAHUL PRATAP,1497134.0,1,1497134.0,37.58,V39
Bandaru Narasimha rao,1492660.0,3,497553.3333333333,34.47666666666667,V39
BIBI NASRIN,1492019.0,1,1492019.0,37.6,V39
Srinivas Reddy Boyella,1487270.0,1,1487270.0,37.6,V39
Reddys Engineeering Contractors,1487226.0,3,495742.0,34.580000000000005,V39
gram panchayat ghogari tq hadgaon,1487075.0,1,1487075.0,37.6,V39
Xavier Prabhu,1485403.0,1,1485403.0,37.6,V39
SATYENDRA SINGH,1485277.0,1,1485277.0,37.6,V39
Hindustan Enterprises,1484041.0,1,1484041.0,37.6,V39
KASTHURI SHANMUGAM,1482790.0,1,1482790.0,37.6,V39
PANDIAN V Contractor,1482499.0,1,1482499.0,37.6,V39
NUTAN KAMGAR SAHAKARI SANSTHA,1466928.0,1,1466928.0,37.61,V39
DHUPENDRA PRASAD,1458930.0,1,1458930.0,38.11,V39
Nav Durga Concrete Udyog,1448330.0,1,1448330.0,38.08,V39
Aditya Construction,1425512.0,10,142551.2,55.303,V39
JOGINDER SINGH CONTRACTOR,1417221.0,3,472407.0,53.196666666666665,V39
SAGARIKA SWAIN,1412871.0,2,706435.5,56.385000000000005,V39
THE MANGAWAS COOPERATIVE LABOUR AND CONSTRUCTION SOCIETY LTD,1412438.0,2,706219.0,53.72,V39
Sukhlipura Gram Panchayat,1411635.0,3,470545.0,51.72333333333333,V39
SAHARA INFRASTRUCTURES,1411024.0,1,1411024.0,38.3,V39
MS SATYADEEP HEIGHTS,1406324.0,2,703162.0,53.55,V39
DIVYAANSH CONSTRUCTION COMPANY,1405819.0,3,468606.3333333333,54.01,V39
Khatakhedi,1400000.0,1,1400000.0,38.12,V39
MAIHER SHAKTI ENTERPRISES,1398772.0,2,699386.0,54.595,V39
MUNGI NAVEEN REDDY,1397974.0,2,698987.0,51.94,V39
SADIKUL ISLAM,1397070.0,10,139707.0,54.34000000000001,V39
Shivchandra Kumar Pandit,1395806.0,3,465268.6666666667,52.75666666666667,V39
ASHOK INFRAVENTURE,1392400.0,2,696200.0,53.325,V39
SHRI KABIR CONSTRUCTION,1391478.0,1,1391478.0,55.61,V39
ARP MOTERS PVT LTD,1386900.0,1,1386900.0,53.82,V39
MONDAL ENTERPRISE,1384739.0,1,1384739.0,53.98,V39
Santhosh M D,1379405.0,1,1379405.0,54.26,V39
HASAN SEIKH,1367724.0,1,1367724.0,55.6,V39
Sulata Baroi,1350689.0,1,1350689.0,54.74,V39
DHANDAYUTHAPANI K,1348754.0,1,1348754.0,62.36,V39
CIMECON ENTERPRISES,1348497.0,1,1348497.0,54.74,V39
BHAGYADHAR SAHOO,1340703.0,1,1340703.0,55.19,V39
MAGA BUILDERS,1333598.0,1,1333598.0,55.48,V39
MARUF ALI CONTRACTOR,1322274.0,1,1322274.0,55.32,V39
MS CHOWDHURY CONSTRUCTION,1307006.0,1,1307006.0,55.72,V39
RAM CHANDAR YADAV,1302458.0,1,1302458.0,55.65,V39
SAMARTH BROTHERS,1301663.0,2,650831.5,53.745,V39
ANBARASU,1300000.0,1,1300000.0,55.8,V39
Maya soren,1300000.0,2,650000.0,54.3,V39
SIBSANKAR CHOWDHURY,1299000.0,1,1299000.0,55.79,V39
assistant engineer sahpur,1298951.0,2,649475.5,54.305,V39
ASSISTANT ENGINEER LAEO SHEIKHURA BARBIGHA,1286889.0,1,1286889.0,55.9,V39
MONDAL CONSTRUCTION,1281469.0,1,1281469.0,55.79,V39
AVINESH KUMAR OJHA,1276416.0,1,1276416.0,55.66,V39
ARYAN ENTERPRISES,1250014.0,3,416671.3333333333,52.11333333333334,V39
KHAND SHROT SAMANVAYAK SAMAGRA SIKSHA VIKASKHAND GEEDAM,1250000.0,1,1250000.0,55.03,V39
Ghanshyam Das Agrawal,1244720.0,4,311180.0,56.83,V39
THE RENUKA CO OP L AND C SOCIETY,1230450.0,1,1230450.0,36.85,V39
Anbarasan G,1229867.0,1,1229867.0,56.21,V39
Mahesh Shahi son of Tej Bahadur Shahi,1227789.0,1,1227789.0,36.85,V39
ANIKET KUMAR SINGH,1227383.0,1,1227383.0,36.85,V39
SUTRAPU RAJENDRA PRASAD,1224088.0,7,174869.7142857143,33.8,V39
vijaya kumar S,1223328.0,1,1223328.0,36.85,V39
MIKTI NATH,1217984.0,1,1217984.0,36.85,V39
Uday Khulal,1208890.0,3,402963.3333333333,52.696666666666665,V39
DIVYANSH YADAV,1202495.0,1,1202495.0,37.37,V39
Construction of Natghar near Bhosamari,1200000.0,1,1200000.0,37.38,V39
ELLAPPAN CONTRACTOR,1200000.0,1,1200000.0,37.38,V39
MM CONSTRUCTIONS,1200000.0,1,1200000.0,37.38,V39
Abhishek Sanjay Patil Kasaba Tarale Tal Radhanagari,1200000.0,1,1200000.0,37.38,V39
SHRIGANESH MAJOOR SAH SANTHA,1199810.0,1,1199810.0,37.38,V39
LAXMIKANT ANIL SOMANI,1199641.0,1,1199641.0,37.38,V39
RENGAMALAI PERUMALTHEVAR,1199609.0,1,1199609.0,37.38,V39
NALAM RAVI TEJA CONTRACTOR,1199137.0,1,1199137.0,37.38,V39
PRAKASH P,1198367.0,1,1198367.0,37.38,V39
DHIRAJ KUMAR,1197855.0,1,1197855.0,37.38,V39
RAJENDRA KUMAR YADAV,1195245.0,1,1195245.0,37.38,V39
OM KALESHWAR TRADERS,1193088.0,2,596544.0,55.480000000000004,V39
ASSISTANT ENGINEER LAEO SHEIKHPURA,1189121.0,1,1189121.0,37.34,V39
GRAMPANCHAYAT LOHDONGRI,1188142.0,1,1188142.0,37.34,V39
HP ASSOCIATES,1184484.0,2,592242.0,53.58,V39
MS INDRANI POWER,1176892.0,1,1176892.0,52.78,V39
Avtar Agro Industries,1173156.0,6,195526.0,32.57,V39
Nanjibhai Devshibhai Makvana,1170209.0,2,585104.5,53.825,V39
RAGHUVANSI ENTERPRISES,1167081.0,3,389027.0,53.416666666666664,V39
Sahoo Construction,1166738.0,4,291684.5,46.5875,V39
MANBEER SINGH,1164904.0,4,291226.0,47.21,V39
T Bhanumathi,1159001.0,15,77266.73333333334,44.952,V39
MOHANAN E G,1156605.0,1,1156605.0,53.68,V39
MOURIN ENTERPRISE,1138091.0,2,569045.5,55.375,V39
ALI P B,1129210.0,1,1129210.0,37.11,V39
Sanjay Goel,1126111.0,1,1126111.0,36.91,V39
Thanghuliana,1125000.0,1,1125000.0,36.91,V39
CHAUTGI UMESHA,1125000.0,1,1125000.0,36.91,V39
Bellary Nirmithi Kendra Bellary,1125000.0,1,1125000.0,36.91,V39
Sri Vinayaka Constructions,1122373.0,2,561186.5,55.125,V39
RAV INFRA,1109475.0,1,1109475.0,37.86,V39
SHAMSHAD CONTRACTOR,1104376.0,1,1104376.0,37.86,V39
RASHEED S A,1100546.0,1,1100546.0,37.85,V39
Sarv Kalyan Manch,1100000.0,1,1100000.0,37.85,V39
SEKH BASIRUDDIN,1100000.0,1,1100000.0,37.85,V39
Temsuzulu Jamir,1100000.0,1,1100000.0,37.85,V39
Digitech Electronic Systems Private Limited,1099975.0,1,1099975.0,37.85,V39
RENUKA DEVI R,1099641.0,1,1099641.0,37.85,V39
SEKARAN VENGADESAN,1099556.0,1,1099556.0,37.85,V39
R K CONSTRUCTIONS,1099545.0,1,1099545.0,37.85,V39
KR CONSTRUCTIONS,1099275.0,1,1099275.0,37.85,V39
MSS MEDITECHNO,1099108.0,1,1099108.0,37.85,V39
VIJAYA VIKRAM CONSTRUCTIONS,1097173.0,1,1097173.0,55.28,V39
MS Manzoor Builders,1096800.0,2,548400.0,55.15,V39
PRAKHYATH RAJ SHETTY,1092265.0,4,273066.25,45.8425,V39
NOUSHAD T V,1084671.0,5,216934.2,36.594,V39
RAJESH KUMAR PAL,1077000.0,1,1077000.0,52.57,V39
SAKLOO SAROJ,1071130.0,1,1071130.0,37.45,V39
KRISHNA ENTERPRISES AND SUPPLIERS,1069023.0,2,534511.5,54.14,V39
VEE ESS ENTERPRISES,1068711.0,1,1068711.0,37.27,V39
UPNEDA,1060000.0,1,1060000.0,36.86,V39
Santhiya,1059245.0,1,1059245.0,37.46,V39
TAPAN KUMAR DHAR,1057226.0,1,1057226.0,55.73,V39
YUVRAJ ELECTRICALS,1055975.0,1,1055975.0,55.76,V39
PRANABJYOTI SAIKIA,1055339.0,2,527669.5,53.415000000000006,V39
Assistant EngineerII Ramanaguda block,1050000.0,3,350000.0,52.26333333333333,V39
Waisong Terang,1046869.0,4,261717.25,51.24,V39
SATYA VIJAY SINGH,1045023.0,2,522511.5,54.795,V39
DHRUV SINGH CONTRACTOR AND SUPPLIER,1037220.0,3,345740.0,34.39,V39
PAMPAPATI H BELAGAL,1032626.0,4,258156.5,45.92,V39
NOUSHAD M,1029779.0,1,1029779.0,57.06,V39
RS Industries,1025000.0,3,341666.6666666667,34.22666666666667,V39
SHANSHANK ENTERPRISES CONTRACTOR,1022827.0,13,78679.0,39.33,V39
G K SPORTS,1005903.0,1,1005903.0,56.87,V39
Jaybharat Majoor Sahakari Sanstha M Latur,1000000.0,1,1000000.0,59.89,V39
Gram Panchayat Khaira La,1000000.0,1,1000000.0,36.69,V39
N Yona Konya,1000000.0,1,1000000.0,36.69,V39
Mukthi Kiran Kumar,1000000.0,2,500000.0,34.81,V39
NEERAJ DATTATRAY RANDIVE,1000000.0,1,1000000.0,59.77,V39
President pulgaon MKSSS Ltd Pulgaon,1000000.0,1,1000000.0,36.69,V39
RITVI CONSTRUCTIONS,1000000.0,1,1000000.0,36.69,V39
SUHANI CONSTRUCTION,1000000.0,2,500000.0,52.12,V39
ECO COOLING SOLUTIONS,1000000.0,1,1000000.0,36.69,V39
Ankodiya Gram Panchayat,1000000.0,2,500000.0,34.81,V39
KPK construction,1000000.0,1,1000000.0,36.69,V39
S SYED SIRAJUDEEN,1000000.0,1,1000000.0,36.69,V39
MS W M TRADERS,1000000.0,2,500000.0,34.81,V39
VINAYAK ANANDRAV INGAVLE,1000000.0,1,1000000.0,36.69,V39
ASST ENG III,1000000.0,2,500000.0,34.81,V39
GRAM PANCHAYAT PADAJHIR,1000000.0,1,1000000.0,36.69,V39
ACUTE ENGINEERS AND CONTRACTORS OPC PRIVATE LIMITED,1000000.0,1,1000000.0,36.69,V39
Khokhar Gram Panchayat,1000000.0,2,500000.0,34.81,V39
Thandu Saidulu,1000000.0,2,500000.0,34.81,V39
VASANTDADA PATIL MAJUR SAHAKARI SOCIETY LTD DHAVALESHWAR,999994.0,1,999994.0,36.69,V39
Shaik Tajuddin Ahmed,999980.0,2,499990.0,34.81,V39
SHRI RAMESHWAR CONSTRUCTION,999967.0,1,999967.0,36.69,V39
TECHDRIVE ENGINEERING PRIVATE LIMITED,999897.0,1,999897.0,36.7,V39
NARBADA CONSTRUCTION COMPANY,999841.0,1,999841.0,59.71,V39
T NAGA BHARGAVA REDDY,999789.0,2,499894.5,34.81,V39
GANTHOLIYA ENTERPRISES,999737.0,1,999737.0,36.7,V39
Megha Construction Company,999720.0,1,999720.0,36.7,V39
MURUGAN G,999628.0,1,999628.0,36.28,V39
THANGARAJA S,999593.0,1,999593.0,36.28,V39
JAI SANTOSHI MATA MSS LTD CHH SAMBHAJINAGAR,999563.0,1,999563.0,36.28,V39
PERUMAL P,999494.0,1,999494.0,52.69,V39
KATTA PRASANNA KUMAR,999468.0,1,999468.0,52.69,V39
SHIVA SAI SC WELFARE ASSOCIATION,999457.0,2,499728.5,43.2,V39
RAMESH G M,999423.0,2,499711.5,43.85,V39
RAJEEV KUMAR SINGH,999370.0,1,999370.0,53.14,V39
Magasvargiya Suyash tantrik majoor sah santha,999338.0,1,999338.0,53.93,V39
KIRAN GOWDA,999182.0,2,499591.0,52.019999999999996,V39
VEERAMANI S,999011.0,1,999011.0,55.53,V39
NINAD VIKHALE,999000.0,1,999000.0,55.55,V39
ULTIMATE SOLUTION,999000.0,1,999000.0,55.55,V39
AMBIKA MAJOOR SAHAKARI SANSTHA MARYADIT,998925.0,1,998925.0,55.75,V39
Vijayaragavan J,998687.0,1,998687.0,56.14,V39
PRESIDENT VILLAGE LEVEL COMMITTEE ANANTHAIAHGARIPALLI GP,998585.0,2,499292.5,53.584999999999994,V39
NITHESH P,998435.0,2,499217.5,53.5,V39
KESHAVAMURTHY,998296.0,2,499148.0,53.58,V39
P Venkatarmi Reddy,998164.0,2,499082.0,53.55,V39
shramsaphalya majur bandhkam sah soc ltd dolhare,998000.0,1,998000.0,56.48,V39
ALOK SHRIPATRAO PARDE,997584.0,2,498792.0,53.845,V39
Ch Balaji Majur Sahkari Sanstha Limited Kathwada,997184.0,1,997184.0,56.54,V39
Kiran shashikant Gaikwad,996904.0,1,996904.0,56.54,V39
AJINKYA YODDHA MAJOOR SAHAKARI SANSTHA M KAIJ,996401.0,1,996401.0,56.45,V39
GRAM PANCHAYAT BARHALI TQ MUKHED,996000.0,1,996000.0,56.3,V39
Vinayak Agency,995880.0,2,497940.0,53.71,V39
MEERA ASSOCIATES,995875.0,1,995875.0,56.31,V39
Perfect Enterprise,995850.0,2,497925.0,53.71,V39
FOR SEVA CONSTRUCTION,995588.0,1,995588.0,56.11,V39
CS Builders,994902.0,1,994902.0,56.17,V39
Rushikesh Bharat Gund,994800.0,1,994800.0,56.18,V39
Mallareddy Vutukuru,994273.0,1,994273.0,56.03,V39
JAY SHREE KRUSHNA MAJUR KAMGAR SANSTHA,994243.0,1,994243.0,56.03,V39
SURINDER TRADERS,993622.0,2,496811.0,53.83,V39
ASSISTANT ENGINEER,993491.0,1,993491.0,55.84,V39
CHAIRMAN MAHALAXMI MAJUR SAHKARI SANSTHA LTD WANEWADI TAL BARSHI,993405.0,1,993405.0,56.12,V39
GRAMPANCHYAT SONEGHAT,993385.0,1,993385.0,56.12,V39
VISHAL SUBHASH BAGUL,992892.0,1,992892.0,56.19,V39
SHRI MAHALAXMI MAJUR SAHAKARI SANSTHA LTD LAXMIWADI,992771.0,1,992771.0,56.2,V39
Kadiyala Gopala Krishna,992699.0,2,496349.5,53.78,V39
shubham ullewad,992531.0,1,992531.0,56.23,V39
Akash Rajendra Kharode,992500.0,1,992500.0,56.23,V39
SARPANCH GRAM PANCHAYAT ADAMPUR TQ BILOLI,992255.0,1,992255.0,56.36,V39
Nagaraj Gosal,990673.0,2,495336.5,53.855000000000004,V39
VIVEK KUMAR SINGH,990478.0,1,990478.0,56.86,V39
RAKESH KUMAR PASWAN,989970.0,1,989970.0,56.86,V39
Dinesh Kumar,989200.0,1,989200.0,56.86,V39
GRAMNIDHI GRAMPANCHAYAT KAUTHAL,989166.0,1,989166.0,56.89,V39
Prince kumar,989098.0,1,989098.0,56.87,V39
yashraj kashinath pashte,989052.0,1,989052.0,56.87,V39
SHRAMIK MAJOOR BANDHKAM SAHAKARI SANSTHA MARYA,989000.0,1,989000.0,56.88,V39
DHARMVIR KUMAR,988877.0,1,988877.0,56.87,V39
Bubere and Associates,988136.0,1,988136.0,56.74,V39
CHAITALI DNYANESHWAR SANGALE,988000.0,1,988000.0,56.75,V39
SINDHUJA CONSTRUCTION,987384.0,1,987384.0,55.59,V39
DHARAM TRADERS,986989.0,2,493494.5,54.0,V39
GP KHERDA BK STHANIK VIKAS NIDHI,986945.0,1,986945.0,56.39,V39
C,986717.0,1,986717.0,56.39,V39
Gram Panchayat Sirapalli Tq Himayatnagar,986317.0,1,986317.0,55.15,V39
SAGAR RAJARAM MATALE,986000.0,1,986000.0,55.3,V39
RUSHABH RAMESH JAGTAP,985879.0,1,985879.0,55.37,V39
GRAM PANCHYAT KONDRUNJ,984900.0,1,984900.0,55.73,V39
Nishant Gulab Rathod,984839.0,1,984839.0,55.78,V39
KAPIL DALAL,984086.0,1,984086.0,55.82,V39
Palasi Pentaiah,983400.0,2,491700.0,53.93,V39
GRAMPANCHAYAT KARYALAY LAKHPURI,982424.0,1,982424.0,55.86,V39
VDH ENGINEERING SERVICES,982036.0,4,245509.0,32.38,V39
Kedarnath Basvant Manurkar Kolhapur,981834.0,1,981834.0,55.84,V39
VLWC President Thimmasamudram,981744.0,2,490872.0,48.05,V39
JAYAPRAKASHAN THOTHAN,980140.0,1,980140.0,56.19,V39
The Devi Luxmi Co Operative Labour and Construction Society Limited,978948.0,2,489474.0,53.129999999999995,V39
RAVI CONSTRUCTION ASHOK KUMAR SONKAR,978928.0,1,978928.0,55.69,V39
GANESH SOMNATH AVHAD,978000.0,1,978000.0,55.76,V39
A Cube Enterprise,977041.0,1,977041.0,55.76,V39
TECHKRITI INFRATECH PVT LTD,975717.0,1,975717.0,55.77,V39
AMIT NAGORAO MULE,975465.0,1,975465.0,55.78,V39
MODERN METAL CRAFTS,975000.0,3,325000.0,38.99666666666667,V39
SAJEEDHUSSAIN I SHAIKH,973505.0,1,973505.0,55.93,V39
N G CONSTRUCTIONS,973076.0,1,973076.0,55.97,V39
PM ADARSHGRAM YOJNA G P SAMSHERPUR,972751.0,1,972751.0,56.0,V39
GRAM PANCHAYAT DURGWADA,972077.0,1,972077.0,55.88,V39
CHARAN CONSTRUCTION,971506.0,1,971506.0,55.75,V39
JWALAMUKHI JAGDAMBA MAJUR KAMGAR SAHAKARI SANSTHA,970281.0,1,970281.0,55.8,V39
Malewadi MSS Ltd Malewadi Tal Pathardi,968030.0,1,968030.0,55.96,V39
S K ENTERPRISES,967324.0,1,967324.0,55.64,V39
SHUBHAM VIJAYRAO GADBAIL,966044.0,1,966044.0,55.76,V39
H S AGRO,962839.0,4,240709.75,32.34,V39
K AND B CONSTRUCTIONS,960716.0,3,320238.6666666667,33.336666666666666,V39
Naresh Kumar Gupta,959236.0,1,959236.0,55.58,V39
Assistant Director Welfare of Differently Abled TG Sr Citizens YSR Annamayya District,958000.0,2,479000.0,53.5,V39
AM ASSOCIATES,957766.0,1,957766.0,55.67,V39
S KARUNANITHI,950810.0,2,475405.0,54.01,V39
MUKESH KUMAR BEHERA,950000.0,1,950000.0,55.82,V39
MEDO JAL AND SWACHATA SAMITI,948000.0,1,948000.0,55.91,V39
SAGAR BHASKAR KOLHE,948000.0,1,948000.0,55.91,V39
Gram Panchayat Dharchana,944126.0,1,944126.0,55.69,V39
JAIN RAJ,943191.0,1,943191.0,55.7,V39
Gram Panchayat bhanpur,940461.0,3,313487.0,50.77333333333333,V39
RAKESH YADAV SON OF MAHANGU YADAV,939599.0,1,939599.0,55.69,V39
P KANNAN,930818.0,1,930818.0,54.5,V39
PIYUSH ELECTRICALS,930488.0,2,465244.0,53.94,V39
N K CONSTRUCTIONS,930275.0,2,465137.5,54.004999999999995,V39
LAKSHMI INDUSTRIES,928530.0,1,928530.0,54.21,V39
ASSISTANT ENGINEER BELAGANJ,917732.0,1,917732.0,52.48,V39
Sandeep Agarwal,915798.0,1,915798.0,52.47,V39
BASEEL LATHEEF NK,914967.0,1,914967.0,52.46,V39
AMARNATH PANDEY AMARNATH PANDEY CONTRACTOR,914481.0,4,228620.25,47.7225,V39
ASSISTANT ENGINEER KARAKAT LAEO WD 02 BIKRAMGANJ ROHTAS,912399.0,2,456199.5,52.835,V39
SAMRIDHA CONSTRUCTION,906543.0,1,906543.0,37.07,V39
RAMA SHAMYA CONT,902266.0,1,902266.0,36.63,V39
om fhoji construction,900255.0,1,900255.0,36.61,V39
SRI SAI ENTERPRISES,900000.0,1,900000.0,36.61,V39
Lakshmi L,898813.0,1,898813.0,36.6,V39
SUBRAMANIYAN S,898693.0,1,898693.0,36.6,V39
SIDDHI VINAYAK CONSTRUCTION,898570.0,1,898570.0,36.6,V39
APRAJITA CONSTRUCTION,898254.0,1,898254.0,36.6,V39
ARUNKUMAR R,897485.0,1,897485.0,36.61,V39
Yog Pratap Construction,896632.0,1,896632.0,36.61,V39
SHIV SHAKTI ENTERPRISES,894786.0,1,894786.0,36.54,V39
S R V ENTERPRISES,894547.0,1,894547.0,36.54,V39
VIKRANT RAJENDRA INGOLE,894209.0,1,894209.0,36.54,V39
SHRI SAI CONSTRUCTION,893927.0,1,893927.0,36.54,V39
VIRAT MODY SOLAR SITY,888865.0,1,888865.0,36.28,V39
RAJEEV RANJAN JUNIOR ENGINEER,887500.0,5,177500.0,50.54600000000001,V39
CHUMKI SAHA SARKAR,887155.0,1,887155.0,36.44,V39
SARANGAM GUNNAIAH,885331.0,2,442665.5,53.465,V39
SAGAR CONSTRUCTION COMPANY,880398.0,1,880398.0,52.45,V39
Chikmagalur Nirmithi Kendra,875000.0,3,291666.6666666667,39.34,V39
SHIV ENTERPRISES,874766.0,2,437383.0,52.485,V39
KAMLESH YADAV THEKEDAR,872159.0,1,872159.0,53.26,V39
Yashika Construction Co,868500.0,1,868500.0,53.9,V39
R S BARWALA INFRASTRUCTURE,867100.0,5,173420.0,33.524,V39
Puspanjali Murmu,861300.0,3,287100.0,50.416666666666664,V39
MS OM ENTERPRISES,858000.0,1,858000.0,54.7,V39
MAHADEV ENTERPRISES,857034.0,1,857034.0,54.77,V39
MS JMS INFRA PRO JASH KAUSHIK,852459.0,1,852459.0,54.85,V39
bhagwan singh,851635.0,2,425817.5,51.655,V39
MS SHOBHNATH VERMA,850055.0,2,425027.5,51.885000000000005,V39
AE SUNITA MAHARA NANDAPUR 3,850000.0,3,283333.3333333333,43.52,V39
Shiv Driller and Allied Traders,847509.0,2,423754.5,51.974999999999994,V39
SELVA VARGEESE SOOSAIMICHEAL,845299.0,1,845299.0,54.77,V39
S K CONSTRUCTION,844825.0,2,422412.5,58.504999999999995,V39
Eda Harsha vardhan reddy,844562.0,1,844562.0,54.74,V39
R D MAURYA,844098.0,1,844098.0,54.74,V39
MOHD ANIS MOHD SHAFI,842346.0,1,842346.0,54.6,V39
GK CONSTRUCTION,838395.0,1,838395.0,54.32,V39
ANIL KUMAR SINGH,812494.0,1,812494.0,53.12,V39
Ravidas M,811809.0,1,811809.0,53.1,V39
Shinda Singh,800000.0,1,800000.0,36.94,V39
EVEREST CONSTRUCTION,799755.0,1,799755.0,36.91,V39
Durairaj jayakumar Co,799695.0,1,799695.0,36.9,V39
SRI BALAJI CONCERN,799065.0,1,799065.0,38.56,V39
Supriya Ashok Bhosale,798957.0,1,798957.0,36.8,V39
Mahindra and Mahindra Ltd,798631.0,1,798631.0,36.74,V39
VAMSI ENTERPRISES,798355.0,1,798355.0,36.71,V39
Kornepati Ashok Kumar,798314.0,2,399157.0,52.370000000000005,V39
S R CONSTRUCTION,798152.0,1,798152.0,36.66,V39
Ms OM VINAY KUMAR SINGH,797444.0,1,797444.0,36.58,V39
THAKUR AMRENDRA KUMAR SINGH,797038.0,1,797038.0,36.53,V39
ELEEN AND CO,796993.0,1,796993.0,36.53,V39
KUBER PRASAD,796239.0,1,796239.0,36.53,V39
Rajkumar contractor,794244.0,1,794244.0,36.52,V39
TANU ENTERPRISES,794188.0,1,794188.0,36.52,V39
A P ENTERPRISE prop PARESH KUMAR PARUA,794186.0,2,397093.0,51.5,V39
Bhimashankar Majur Sahkari Sanstha Maryadit,794104.0,1,794104.0,59.78,V39
SARASWATI CONSTRUCTION,793627.0,2,396813.5,49.31,V39
NAZAR P M,793606.0,1,793606.0,36.52,V39
H K CONSTRUCTION,791007.0,1,791007.0,36.51,V39
Pratik Pravupada Parida,788894.0,2,394447.0,52.175,V39
BRINDHA,781543.0,1,781543.0,51.8,V39
MS AD PROJECT,779188.0,1,779188.0,51.81,V39
ASN Services Pvt Limited,774297.0,2,387148.5,53.114999999999995,V39
Hemanta Bhattarai,770655.0,1,770655.0,36.9,V39
rakib construction,765456.0,1,765456.0,52.0,V39
ASSISTANT ENGINEER AC JAMUI LAEO WD 01 JAMUI,764387.0,1,764387.0,51.86,V39
BIBHU RANJAN NAYAK,764080.0,1,764080.0,51.82,V39
NAVKANJ ASSOCIATES,758364.0,8,94795.5,36.62625,V39
ANSHU KUMARI,755968.0,1,755968.0,51.98,V39
SHRI MAHARANA DEVELOPERS,754717.0,1,754717.0,52.4,V39
SN ENTERPRISE,754166.0,2,377083.0,49.24,V39
Gram Panchayat Khamhariya Baagri,750000.0,2,375000.0,49.735,V39
UMESH AJJAPPA GANGANI,750000.0,1,750000.0,52.49,V39
gram panchayat jamuniha,750000.0,1,750000.0,52.49,V39
Sarpanch Gram Panchayat Piproud,750000.0,1,750000.0,52.49,V39
SAHYOG MAJUR ANE KAMGARO NI SAHKARI MANDALI LIMITE,750000.0,2,375000.0,54.16,V39
SHARANAPPA,750000.0,2,375000.0,49.94,V39
KADVAR GRAM PANCHAYAT,749703.0,2,374851.5,52.305,V39
SVB Builders,749456.0,1,749456.0,52.45,V39
D S AKBAL CIVIL CONSTRUCTION,749247.0,1,749247.0,52.44,V39
Samantpura Gram Panchayat,748804.0,2,374402.0,52.26,V39
Mr Dhan singh,747975.0,3,249325.0,48.16,V39
SONIPUR GRAM PANCHAYAT New,746597.0,2,373298.5,52.269999999999996,V39
AJAYA KUMAR BEHERA,745067.0,1,745067.0,52.74,V39
VEEKAY INDUSTRIES,744259.0,1,744259.0,52.7,V39
Sunil Shrimant Nadure,744025.0,1,744025.0,52.69,V39
THE GANGA CO OPERATIVE LABOUR AND CONSTRUCTION SOCIETY,740058.0,1,740058.0,52.64,V39
TARUN CONCRETE UDYOG,738562.0,1,738562.0,52.59,V39
MPS CONSTRUCTION COMPANY,737682.0,1,737682.0,52.55,V39
RAJESHBHAI R PRAJAPATI,735060.0,2,367530.0,49.675,V39
RAMESH CONSTRUCTION,730885.0,1,730885.0,52.68,V39
BABA HARIDAS TRADERS,730401.0,1,730401.0,55.21,V39
OJASH CONSTRUCTION,729437.0,1,729437.0,56.18,V39
Ms Gopesh International Contractor,729357.0,1,729357.0,52.57,V39
PREDEEP KUMAR,724103.0,1,724103.0,54.57,V39
DUMPALA SIVA KUMAR RAO,720412.0,1,720412.0,54.95,V39
KRISHNA CONSTRUCTION,720042.0,1,720042.0,54.91,V39
RAJESH GHOSH,719965.0,1,719965.0,54.91,V39
SATHAR C M,718082.0,1,718082.0,55.17,V39
Biju K Varghese,717530.0,1,717530.0,55.13,V39
MAA KALIKA CONSTRUCTION,716813.0,2,358406.5,53.89,V39
Arjun civil works,714285.0,2,357142.5,52.974999999999994,V39
VINS Infra Projects,714250.0,1,714250.0,54.95,V39
JAI CONSTRUCTION,713900.0,1,713900.0,55.0,V39
The Sidhu Kirat te Usari Sehkari Sabha ltd,705726.0,3,235242.0,48.21333333333334,V39
SASHI BHUSAN SAHOO,705645.0,1,705645.0,52.64,V39
MS VAISHNAVI TRADERS,704106.0,1,704106.0,35.72,V39
RAM NARESH CONTRACTOR,702746.0,1,702746.0,35.71,V39
SINGLA INDUSTRIES,700000.0,2,350000.0,50.39,V39
Taluka Development Officer Mahudha MPLADS,700000.0,4,175000.0,49.2325,V39
GRAN PANCHAYAT KORAMBHI,700000.0,1,700000.0,35.7,V39
GRAM PANCHAYAT MALIDA,700000.0,1,700000.0,35.7,V39
Brahman Parishad berasia,700000.0,1,700000.0,35.7,V39
NITIN VISHNU SURWASE,699900.0,1,699900.0,35.7,V39
DIGITAL AUDIO VIDEO SOLUTIONS,699650.0,1,699650.0,35.7,V39
SLR CONSTRUCTION MOHAN S,699468.0,2,349734.0,51.3,V39
GRAM PANCHAYAT ITKHEDA,699241.0,1,699241.0,35.7,V39
RAM CONSTRUCTION,699124.0,1,699124.0,35.7,V39
A N KANNAN,698676.0,1,698676.0,35.7,V39
T Soundarapandiyan,698521.0,1,698521.0,35.7,V39
Thankamony R,698247.0,1,698247.0,35.66,V39
SAGAR K C,697875.0,3,232625.0,48.71,V39
Rajiv Majur Sah So Ltd,697773.0,1,697773.0,35.66,V39
SUN POWER TECNOLOGY AND ELECTICALS,697750.0,2,348875.0,50.58,V39
RAGHAV CONSTRUCTION,697616.0,1,697616.0,35.66,V39
GRAM PANCHAYAT KANHALGAON,697459.0,1,697459.0,35.66,V39
MARUTI CONSTRUCTION,697438.0,1,697438.0,35.66,V39
Bhavesh Ajay Kuthe,697088.0,1,697088.0,35.39,V39
PAVAN KUMARI DEVI,696543.0,1,696543.0,35.39,V39
GRAM PANCHAYAT KARYALAY HANGARGA TQ NAIGAON,695903.0,1,695903.0,35.39,V39
Swapnil Santosh Jadhav,693280.0,1,693280.0,53.86,V39
mMODERN ENGINEERING ASSOCIATES,691301.0,1,691301.0,36.02,V39
As Group,690122.0,1,690122.0,52.58,V39
Om Sakthi Construction,687693.0,1,687693.0,54.01,V39
MS TIKAM CHAND KUMAWAT CONTRACTOR,684768.0,2,342384.0,51.519999999999996,V39
MS JDS ENTERPRISES,684700.0,1,684700.0,54.53,V39
AFZAL AHMAD CONTRACTOR,683136.0,1,683136.0,54.67,V39
SHARMA CONTRACTOR,680399.0,1,680399.0,54.73,V39
A V ENTERPRISES,678223.0,2,339111.5,52.364999999999995,V39
sri balaji enterprises,676218.0,1,676218.0,54.87,V39
MI CONSTRUCTION,675635.0,1,675635.0,54.89,V39
MOIDU P S,674011.0,1,674011.0,54.91,V39
Jamidara Trading Company,673201.0,1,673201.0,54.87,V39
MS ECOLEAF ENERGIES PRIVATE LIMITED,671184.0,6,111864.0,49.78,V39
SSR Enterprises,669091.0,1,669091.0,54.77,V39
Shivani,667636.0,1,667636.0,54.65,V39
VASTUANANTA DESIGNS,667591.0,3,222530.33333333334,48.126666666666665,V39
SWAMINATHAN S,665666.0,1,665666.0,54.71,V39
The Maa Shakumbhari CoOp L and C Society LTD,665115.0,1,665115.0,54.73,V39
SARPANCH GRAM PANCHAYAT REVE,660000.0,2,330000.0,51.595,V39
N KAMALAKAR REDDY,654798.0,5,130959.6,51.658,V39
ANSHIKA CONSTRUCTION,651209.0,1,651209.0,54.51,V39
kartik Industries,650000.0,2,325000.0,49.46,V39
P Prakash,649675.0,1,649675.0,54.5,V39
Lucky Constructions,649609.0,2,324804.5,53.875,V39
BABU C K,648752.0,1,648752.0,54.5,V39
MAA CHINTPURNI TRADERS,646233.0,6,107705.5,36.906666666666666,V39
MS AKHAND PRATAP TRADERS,646074.0,2,323037.0,53.224999999999994,V39
SURESHKANNAN M,642795.0,1,642795.0,54.7,V39
GURU Construction company,641506.0,1,641506.0,54.83,V39
Pradeep Kumar,639132.0,2,319566.0,52.385,V39
MR NUR ALAM SK,637871.0,1,637871.0,53.3,V39
RAJ INFRASTRUCTURE,620444.0,1,620444.0,54.85,V39
LIYON M V,620299.0,1,620299.0,54.84,V39
SABBIR ANSARI,619000.0,2,309500.0,51.32,V39
SMC Bhalyani,615000.0,1,615000.0,54.79,V39
RAKESH KUNJILAL ZADKHANDE,614325.0,1,614325.0,54.61,V39
BLOCK DEV OFFICER NUAGAON,612384.0,4,153096.0,32.81,V39
GRK CONSTRUCTION COMPANY,610500.0,1,610500.0,54.12,V39
ASST ENGINEER LAEO WD I BEGUSARAI VSK MATHIHANI,610488.0,1,610488.0,54.11,V39
Savita,610422.0,3,203474.0,50.29,V39
GAURAV BALIYAN CONTRACTOR,605340.0,1,605340.0,52.61,V39
AMIT PAN,603860.0,1,603860.0,52.16,V39
A P DEVELOPERS,600370.0,3,200123.33333333334,44.51,V39
Naveen Infraspace Private Limited,600000.0,1,600000.0,34.53,V39
GRAM PANCHAYAT DHAWAD,600000.0,1,600000.0,34.53,V39
STN MSR PROTECTION UZIRAR CHAR JAIPARA,600000.0,1,600000.0,34.53,V39
GRAM PANCHAYAT BAMITHA,600000.0,2,300000.0,47.94,V39
SHAZIBUL HASSAN MOLLAH,600000.0,1,600000.0,34.53,V39
JAIN SONS TRADERS,600000.0,1,600000.0,34.53,V39
GRAM PANCHAYAT MAUMASANIYA,600000.0,2,300000.0,47.94,V39
GRAM PANCHAYAT KANDANARA,600000.0,1,600000.0,34.53,V39
SAROJ KUMAR SAMANTARAY,600000.0,2,300000.0,47.94,V39
Khand vikas adhari,599993.0,1,599993.0,34.53,V39
MANAGER SAMITI BABURAM MUNNI DEVI BALIKA,599975.0,1,599975.0,34.53,V39
M Vivekanandhan,599972.0,1,599972.0,34.53,V39
Ms UNITED ENTERPRISES,599794.0,1,599794.0,34.53,V39
Construction of Community Cultural actives at Brihattar Rukmini Nagar Socio Cultural centre Ranga,599688.0,1,599688.0,34.53,V39
Maa Durga Workshop,599436.0,1,599436.0,41.73,V39
BDO Saidpur,599279.0,2,299639.5,36.46,V39
Himmatpura Juth Gram Panchayat,598698.0,2,299349.0,47.96,V39
Prasannakumar K S,598260.0,2,299130.0,51.2,V39
JUNIOR ENGINEER MARSHAGHAI BLOCK 7,596261.0,1,596261.0,34.19,V39
Jothiprakash V,595689.0,1,595689.0,34.21,V39
MS Parveen Kumar Govt Contractor,595251.0,2,297625.5,48.775000000000006,V39
Bharat Construction,594094.0,1,594094.0,34.19,V39
MD ROFIKUL ISLAM,593883.0,1,593883.0,34.19,V39
CHANDRA KANT MANI,593277.0,1,593277.0,34.54,V39
ASSISTANT ENGINEER LAEO IMAMGANJ VIDHAN SABHA,593215.0,1,593215.0,34.54,V39
Pavan Ganesh Majur Sah Sanstha LTD Kharwandi,593193.0,1,593193.0,34.54,V39
NUKALA SRINIVASARAO,587734.0,1,587734.0,53.68,V39
JAI ENTERPRISES,587640.0,2,293820.0,47.900000000000006,V39
MS Ali Construction,586967.0,1,586967.0,53.8,V39
SUSANTA KUMAR DAS,579756.0,1,579756.0,54.34,V39
R G SUPLLIER,578544.0,16,36159.0,56.95,V39
KARTHIK P,576388.0,1,576388.0,54.4,V39
CEO JANPAD PANCHAYAT SITAMAU,575000.0,6,95833.33333333333,36.75,V39
LAKSHMANA,571836.0,1,571836.0,54.29,V39
SHIV CONSTRUCTION PARBATSAR,564000.0,1,564000.0,54.08,V39
AMARESH JALAWADI,562500.0,3,187500.0,48.07,V39
PRAMOD KUMAR RAY,559800.0,1,559800.0,53.83,V39
TULUSHI ENGINEERING,559116.0,1,559116.0,57.99,V39
MALLIBOYANA BALAKRISHNA,559071.0,2,279535.5,47.485,V39
A J CONSTRUCTION,559057.0,1,559057.0,53.68,V39
Shanmugapriyan M,555127.0,2,277563.5,32.975,V39
KIRAN DAS Y L,551251.0,1,551251.0,52.58,V39
AKANSHA ASSOCIATES,551178.0,1,551178.0,52.58,V39
CH ROSHAN PATRO,550000.0,2,275000.0,48.845,V39
DASHMESH TILE FAACTORY,550000.0,2,275000.0,51.05,V39
ANIL KURIAKOSE,548461.0,2,274230.5,31.37,V39
GAUTAM HANSE,548048.0,7,78292.57142857143,46.08571428571429,V39
JANGOM JYOTI BORA,547800.0,1,547800.0,52.45,V39
CONST COMMITTEE OF COMMUNITY HALL AT AMGURI KETE,540000.0,1,540000.0,52.43,V39
MS ANURAG ENTERPRISES,539850.0,2,269925.0,48.165,V39
MS AMAR MANI TRIPATHI,539782.0,1,539782.0,52.42,V39
The sachdeva Co operative labour and Construction,535102.0,1,535102.0,52.46,V39
ANUDEV J C,531664.0,1,531664.0,52.91,V39
AEN O M AVVNL REENGUS,531512.0,1,531512.0,53.27,V39
RAJAN N,531376.0,1,531376.0,53.27,V39
ms varuna construction,530980.0,1,530980.0,51.7,V39
DEPUTY COMMISSIONER AND CHAIRMAN PROJECT MANAGER NIRMITHI KENDRA BELAGAVI,525000.0,1,525000.0,53.6,V39
MANNARMANNAN P,522642.0,1,522642.0,54.53,V39
Adapa Narayana Reddy,521032.0,2,260516.0,30.945,V39
SHREE SHYAM CONSTRUCTION AND JAGDEESH PRASAD,521023.0,1,521023.0,54.4,V39
GRUP GRAMPANCHAYAT SANJELI,519693.0,2,259846.5,50.425,V39
Umamaheshwari J,519506.0,1,519506.0,54.51,V39
Nayandeep Lama,516902.0,1,516902.0,54.2,V39
DIVYANSHU CONSTRUCTION,516717.0,2,258358.5,39.4,V39
MPEB,516000.0,1,516000.0,54.2,V39
BHAGAWATI ENTERPRISES,512474.0,1,512474.0,54.02,V39
PUSALAPATI CHINNA KONDAIAH,511985.0,1,511985.0,54.0,V39
ANSH ENTERPRISES,510350.0,1,510350.0,53.99,V39
Alapati Constructions,504253.0,1,504253.0,53.8,V39
PRAGATI INTERPRISES,504014.0,1,504014.0,53.79,V39
PUNJAB CEMENT AND IRON STORE,503751.0,1,503751.0,45.88,V39
THE LUV KUSH COOP LABOUR AND CONSTRUCION SOCIETY LTD,503375.0,1,503375.0,53.76,V39
S A ENTERPRISE,500569.0,1,500569.0,53.47,V39
khergam vibhag majur ane kamagaro sahkari mandli limited khergam,500000.0,1,500000.0,52.24,V39
Sherkhi Gram Panchayat,500000.0,1,500000.0,40.94,V39
MEERA ENTERPRISE,500000.0,1,500000.0,40.94,V39
R CUBE CONSTRUCTION,500000.0,1,500000.0,59.52,V39
SUNAINA BHANJDEO,500000.0,1,500000.0,40.94,V39
Lokanath Behera,500000.0,1,500000.0,40.94,V39
gram panchayat bhawsa,500000.0,1,500000.0,40.94,V39
VASUDEV CONSTRUCTION CO,500000.0,1,500000.0,40.94,V39
VEJALPUR GRAM PANCHYAT,500000.0,1,500000.0,40.94,V39
INTERLOCKING TILE FACTORY,500000.0,1,500000.0,40.94,V39
SRI GURUDEVA CHARITABLE TRUST,500000.0,1,500000.0,48.14,V39
ASHEET KUMAR NANDA,500000.0,1,500000.0,40.94,V39
Lachanpura Gram Panchayat,500000.0,1,500000.0,40.94,V39
Gram Panchayat Shergarh,500000.0,1,500000.0,40.94,V39
MANISH CONSTRUCTION AND VENDORS,500000.0,1,500000.0,40.94,V39
NAGARAJA SHETTY,500000.0,1,500000.0,40.94,V39
Hareram Panda,500000.0,1,500000.0,40.94,V39
MISHRA GROUP,500000.0,1,500000.0,40.94,V39
LANGHNAJ GRAM PANCHAYAT,500000.0,1,500000.0,40.94,V39
VADGAMDA GROUP GRAM PANCHAYAT,500000.0,1,500000.0,40.94,V39
Latva Juth Gram Panchayat,500000.0,1,500000.0,40.94,V39
GRAM PANCHAYAT CHOSALA,500000.0,1,500000.0,40.94,V39
MALVI JINGER MOCHI SAMAJ KALYAN SAMITI,500000.0,1,500000.0,40.94,V39
GRAM PANCHAYAT BIGRI,500000.0,1,500000.0,52.24,V39
GRAM PANCHAYAT CHHINAM,500000.0,1,500000.0,40.94,V39
AJIMANA GRAM PANCHAYAT,500000.0,1,500000.0,40.94,V39
AJITH KUMAR SHETTY,500000.0,1,500000.0,40.94,V39
Nava India Pathipagam,500000.0,1,500000.0,40.94,V39
Nani Lakhavad Gram Panchayat,500000.0,1,500000.0,40.94,V39
RAGHAVENDRA,500000.0,1,500000.0,40.94,V39
GP BIRSINGPALI,500000.0,2,250000.0,31.03,V39
Sotisola Imkong,500000.0,1,500000.0,40.94,V39
GRAM PANCHAYAT SARIKHURAD,500000.0,1,500000.0,52.24,V39
Medi Krishna,500000.0,1,500000.0,40.94,V39
KAMALPUR GRAM PANCHAYAT,500000.0,1,500000.0,34.81,V39
KALIYAKUVA GRAM PANCHAYAT,500000.0,1,500000.0,40.94,V39
KUMBHASAN GRAM PANCHAYAT,500000.0,1,500000.0,40.94,V39
Computer Vision,500000.0,1,500000.0,40.94,V39
GRAM KOSH NEGAI,500000.0,1,500000.0,40.94,V39
T SOMESWAR RAO,500000.0,1,500000.0,40.94,V39
BDO Rajgarh,500000.0,3,166666.66666666666,38.64333333333334,V39
GRAM PANCHAYAT PNAGARBARI,500000.0,1,500000.0,40.94,V39
ERICROGER N SANGMA,500000.0,1,500000.0,48.14,V39
RAVIYANA GRAM PANCHAYAT,500000.0,1,500000.0,40.94,V39
GOPAL NAYAK,500000.0,1,500000.0,40.94,V39
Gram Panchayat Vaghrech,500000.0,1,500000.0,40.94,V39
HARISH POOJARI,500000.0,1,500000.0,40.94,V39
SYED RAHEMATH ALI,500000.0,1,500000.0,40.94,V39
Pangernukshi,500000.0,1,500000.0,40.94,V39
JILA CHANDRAWANSHI GOULI MAHASABHA SAMITI BHOMA SEONI,500000.0,1,500000.0,40.94,V39
Sanket Sudhakar Khedekar,500000.0,1,500000.0,40.94,V39
BHABANI SHANKAR BARIK,500000.0,1,500000.0,40.94,V39
PRATAP KUMAR SENAPATI,500000.0,1,500000.0,40.94,V39
K BHASKAR REDDY,500000.0,1,500000.0,40.94,V39
RANJAN SAMANTARAY,500000.0,1,500000.0,40.94,V39
JORAJINA MUVADA GRAM PANCHAYAT,500000.0,1,500000.0,40.94,V39
JUNI BHILDI GRAM PANCHAYAT,500000.0,1,500000.0,40.94,V39
Mahadeviya Gram Panchayat,500000.0,2,250000.0,50.394999999999996,V39
GRAM PANCHAYAT DHAURABHATHA,500000.0,1,500000.0,40.94,V39
Waipin K Marak,500000.0,1,500000.0,40.94,V39
Ankaliya Gram Panchayat,500000.0,1,500000.0,40.94,V39
Chennaboina Anil Kumar,500000.0,1,500000.0,40.94,V39
Raghbir Singh,500000.0,1,500000.0,40.94,V39
Junior Engineer III,500000.0,2,250000.0,31.03,V39
Junior Engineer Ramanaguda,500000.0,2,250000.0,31.03,V39
TAVITI NAIDU REDDY,500000.0,1,500000.0,40.94,V39
B M CONSTRUCTION,500000.0,1,500000.0,40.94,V39
Raju Gogoi,500000.0,1,500000.0,40.94,V39
JYOTIMAYI PATTANAYAK,500000.0,1,500000.0,40.94,V39
GRAM PANCHAYAT KHAPARWADA,500000.0,1,500000.0,52.24,V39
GRAM PANCHAYAT KACHHOLI,500000.0,1,500000.0,40.94,V39
DINDAYAL MAJUR SAHKARI SANSTHA MARYADIT,500000.0,1,500000.0,40.94,V39
MUDETI GRAM PANCHAYAT,500000.0,1,500000.0,40.94,V39
shivshakti majoor co op society ltd,500000.0,1,500000.0,40.94,V39
gram panchayat ghiyar,500000.0,1,500000.0,40.94,V39
SUNIL KUMAR,500000.0,1,500000.0,40.94,V39
SARPANCH SHREE GRAM PANCHAYAT BHAGAD,500000.0,1,500000.0,52.24,V39
DIBAKAR BEHERA,500000.0,1,500000.0,40.94,V39
SAMA ABHISHEK REDDY,500000.0,1,500000.0,40.94,V39
kamalpur gram panchayat,500000.0,1,500000.0,34.81,V39
UNDVA GRAM PANCHAYAT,500000.0,1,500000.0,40.94,V39
JANARDHANA A,499985.0,1,499985.0,53.03,V39
GOLDEN CONSTRUCTION,499976.0,1,499976.0,53.05,V39
NARAYANA,499975.0,1,499975.0,53.05,V39
JAYARAMAIAH,499964.0,1,499964.0,53.08,V39
GAJANA GRAM PANCHAYAT,499963.0,1,499963.0,53.08,V39
SWAMI NARENDRA ELECTRICAL,499947.0,1,499947.0,53.07,V39
NARRAVULA ASMATH KUMAR,499937.0,1,499937.0,53.04,V39
Syed Rahamathulla,499927.0,1,499927.0,53.02,V39
RAVI NAIK,499914.0,1,499914.0,53.0,V39
KOTHARIYA GRAM PANCHAYAT,499912.0,1,499912.0,53.0,V39
CHULI GRAM PANCHAYAT,499909.0,1,499909.0,52.94,V39
Shubham Shankar Gaikwad,499908.0,1,499908.0,51.82,V39
Anunabh Corporation,499900.0,1,499900.0,51.87,V39
CHERUKURU CHINNA PENCHALAIAH,499887.0,1,499887.0,51.26,V39
K Bhagyalaxmi,499881.0,1,499881.0,50.77,V39
GAJANVAV GRAM PANCHAYAT,499873.0,1,499873.0,50.87,V39
Kondeti Vijayabhaskar,499857.0,1,499857.0,51.08,V39
SHRINIVASKUMAR GADIVADDAR,499844.0,1,499844.0,50.21,V39
Ms Dhillon Tile Factory,499821.0,1,499821.0,57.01,V39
SHIGU GEORGE,499817.0,1,499817.0,49.87,V39
UTHAYAN T,499812.0,1,499812.0,49.95,V39
GANGUN GRAM PANCHAYAT,499807.0,1,499807.0,50.08,V39
Gram Panchayat Kavitha,499787.0,1,499787.0,50.24,V39
Kadubai Sidram Magasvargiya Majoor Sahakari S Limited Latur,499737.0,1,499737.0,50.12,V39
Dasari Murali,499736.0,1,499736.0,50.13,V39
MAHENDRA ADHIKARI,499735.0,1,499735.0,50.14,V39
MICRO ENGINEERS,499724.0,1,499724.0,50.27,V39
Gavinolla Chandra Reddy,499722.0,1,499722.0,50.31,V39
L N Enterprises Yadunandan Yadav V K,499697.0,1,499697.0,50.28,V39
AJAYKUMAR A,499689.0,1,499689.0,50.43,V39
MADDISETTI SATYA PRASAD,499623.0,1,499623.0,51.02,V39
NARAYANA SHETTY,499617.0,1,499617.0,50.95,V39
B Jaya Prakash,499613.0,1,499613.0,50.86,V39
MANOHARA,499590.0,1,499590.0,50.62,V39
M P CONSTRUCTION,499580.0,2,249790.0,51.709999999999994,V39
DR RAM MANOHAR LOHIYA SHIKSHA SANSTHAN,499531.0,1,499531.0,51.06,V39
KEERTHISHA S K,499527.0,1,499527.0,51.08,V39
ANIL KUMAR HEGDE P,499485.0,1,499485.0,51.1,V39
RANGANATH V K,499478.0,1,499478.0,51.13,V39
DIPESH DAYARAM DALAVI,499415.0,1,499415.0,51.34,V39
BAVALI GRAM PANCHAYAT,499412.0,1,499412.0,51.36,V39
NAVA GHANSHYAMGADH GRAM PANCHAYAT,499406.0,1,499406.0,51.28,V39
PRESIDENT VILLAGE LEVEL COMMITTEE VATHALUR GP,499375.0,1,499375.0,51.14,V39
GRAM PANCHAYAT HAMAPUR,499262.0,1,499262.0,50.51,V39
SHRAVAN KUMAR SHETTY,499162.0,1,499162.0,50.2,V39
KEDARIYA GRAM PANCHAYAT,499087.0,1,499087.0,50.1,V39
S KHALENDAR BASHA,499058.0,1,499058.0,49.53,V39
DILIP KUMAR KUSHWAHA JE ZP LATEHAR,499037.0,2,249518.5,31.005000000000003,V39
MAROTI ELECTRICAL,499000.0,1,499000.0,49.53,V39
VED ELECTRICALS,499000.0,1,499000.0,49.53,V39
Kristhu Mahlia Pudupu Sangam,499000.0,1,499000.0,49.53,V39
GRAM PANCHAYAT PACHHTAR,498981.0,1,498981.0,49.72,V39
Contractor Bhagwat Singh Chundawat,498972.0,1,498972.0,49.48,V39
Galam Ravi,498851.0,1,498851.0,49.04,V39
Viswanadhula Naveen Kumar,498819.0,1,498819.0,48.62,V39
SREE GOKULAM HEALTHCARE PVT LTD,498750.0,1,498750.0,33.22,V39
Sidhu Cement Store Fatehgarh Channa,498740.0,1,498740.0,33.44,V39
GOGLA GRAM PANCHAYAT,498682.0,1,498682.0,32.29,V39
BIRADAR SIDDAPPA,498674.0,1,498674.0,32.29,V39
ANJANADRI ENTERPRISES,498667.0,1,498667.0,32.29,V39
Rajindera BKO,498630.0,1,498630.0,32.29,V39
V Indrasena,498542.0,1,498542.0,32.02,V39
MANJUNATH R KALAWAD,498497.0,1,498497.0,32.05,V39
NANDAKUMAR V,498401.0,1,498401.0,31.79,V39
Chesti Enterprises,498400.0,1,498400.0,31.79,V39
Swarna Narendra Kumar,498359.0,1,498359.0,32.06,V39
Devpara Gram Panchayat,498331.0,1,498331.0,32.17,V39
ARBM CONSTRUCTIONS,498320.0,1,498320.0,32.17,V39
Alapati satyanarayana,498247.0,1,498247.0,48.78,V39
Yelugoti chandra sekhar reddy,498197.0,1,498197.0,48.94,V39
JEEVAN KUMAR PERMANNUR,498174.0,1,498174.0,49.09,V39
NAVEEN HANAMANT WAGH,498113.0,1,498113.0,49.09,V39
V N Chaitanya,498077.0,1,498077.0,49.18,V39
UNIQUE ELECTRICAL,498000.0,1,498000.0,49.5,V39
CHINTHAKUNTA MANIGOPALREDDY,497980.0,1,497980.0,49.52,V39
k k stones and cement suppliers,497966.0,1,497966.0,49.59,V39
BISHNU CONSTRUCTION,497932.0,1,497932.0,49.76,V39
BASANTACON,497927.0,1,497927.0,49.78,V39
Chettukindhi Balaraju,497884.0,1,497884.0,50.12,V39
deepak kumar,497840.0,1,497840.0,50.37,V39
MAA NARMADA CONSTRUCTION,497735.0,1,497735.0,50.84,V39
Noushad P,497522.0,1,497522.0,51.44,V39
KRISHNA BARMEY SARKI19,497351.0,1,497351.0,56.9,V39
SHUBHAM SUDHAKAR MOHITE,497140.0,1,497140.0,52.01,V39
PRIYA MAJUR SHAKARI SANSTHA MARYADIT JALNA,497013.0,1,497013.0,52.12,V39
Shanthipriya MPS,496913.0,1,496913.0,52.19,V39
G soma sekhar Reddy,496494.0,1,496494.0,52.12,V39
P Raghavendar Reddy,496108.0,2,248054.0,31.04,V39
Ch Shramlaxmi Majur Sah Sanstha Ltd Waladgaon,496027.0,1,496027.0,51.85,V39
Gram Panchayat Karylay Talni Tq Hadgaon,495989.0,1,495989.0,51.62,V39
Mohammed Mehrooz Farhan Md Muneer Ahmed,495937.0,1,495937.0,51.38,V39
TAMADA VISWANADHAM,495433.0,1,495433.0,50.17,V39
GRAM PANCHYAT SATHUR,495109.0,1,495109.0,49.49,V39
Dharavath Kranthi Kumar,495109.0,1,495109.0,49.49,V39
sarpanch Gram panchayat khojalvasa,495000.0,1,495000.0,48.85,V39
gram panchayat gadi barod,494899.0,1,494899.0,46.99,V39
grampanchayat indora,494872.0,1,494872.0,48.88,V39
PABITRA MOHAN LENKA TC,494847.0,1,494847.0,48.89,V39
INDAR MOPRKASH,494567.0,1,494567.0,48.64,V39
Rahul S Waddar,494254.0,1,494254.0,48.66,V39
SAHAYAK ABHIYANTA AURANGABAD BIDHANSABHA KSHETRA,494054.0,1,494054.0,48.37,V39
GRAM PANCHAYAT KARYALAYA KHANDGAON HAMID,494000.0,1,494000.0,33.17,V39
GRAM PANCHAYAT KARYALAYA JAKAPUR TQ KANDHAR,494000.0,1,494000.0,33.17,V39
KASANA CONSTRUCTIONS,493853.0,1,493853.0,33.49,V39
KAILAS BABU,493790.0,1,493790.0,32.47,V39
Vangaveeti Ravindra Babu,493524.0,1,493524.0,32.21,V39
BHIMAPPA LANKESH BANDIVADDAR,493461.0,1,493461.0,32.21,V39
RAVI S KATNALLI,493254.0,1,493254.0,32.12,V39
Indroi Gram Panchayat,492857.0,1,492857.0,32.11,V39
PRASHANT K M,492252.0,1,492252.0,31.94,V39
bhushan raghunath gharat,492080.0,1,492080.0,31.94,V39
UTPAL SAIKIA,491743.0,1,491743.0,48.59,V39
NAGAR PALIKA PARISHAD BAGBAHARA,491700.0,1,491700.0,48.59,V39
Shivraj Contractor,491698.0,1,491698.0,48.59,V39
DEU BALAI,491529.0,1,491529.0,48.77,V39
Priya Khatik,491446.0,1,491446.0,48.85,V39
RAJESH M R,490958.0,1,490958.0,49.06,V39
MS RAJENDRA SINGH PURAWAT,490910.0,1,490910.0,49.09,V39
Deepak M B,490803.0,1,490803.0,49.21,V39
CHANDAN SINGH,490557.0,3,163519.0,49.31,V39
Grampanchayat Virva,490396.0,1,490396.0,49.3,V39
MUP Vaivakawn,490000.0,1,490000.0,49.55,V39
Gram Panchayat Ras,490000.0,1,490000.0,49.55,V39
T N ANANDA,490000.0,1,490000.0,49.55,V39
GRAM PANCHAYAT AJARPURA,489983.0,1,489983.0,49.58,V39
NIDHI ENTERPRISES,489900.0,1,489900.0,49.59,V39
G DAYAKAR,488636.0,1,488636.0,50.61,V39
THE SAHIL CO OPERATIVE LABOUR AND CONSTRUCTION SOCIETY LTD,488013.0,1,488013.0,50.89,V39
The shri Coop l and c society ltd,486703.0,1,486703.0,51.34,V39
HIMALAYAN CONSTRUCTION,486235.0,1,486235.0,51.52,V39
Dwivedi Traders,486230.0,1,486230.0,51.52,V39
ANATHA SAHOO,486157.0,1,486157.0,51.55,V39
CHHAPARI GRAM PANCHAYAT,485765.0,1,485765.0,51.64,V39
VAIBHAV ENTERPRISES ROOPAM RAI,480142.0,1,480142.0,51.2,V39
GHANSHYAMNAGAR GRAM PANCHAYAT,479985.0,1,479985.0,51.21,V39
Seetha,479711.0,1,479711.0,51.23,V39
SOUMEN DAS,479310.0,1,479310.0,51.28,V39
RAMBEER SINGH,479133.0,1,479133.0,51.14,V39
B D O BIJEPUR,476000.0,1,476000.0,51.22,V39
INDO FARM EQUIPEMENT LTD,475750.0,1,475750.0,38.96,V39
Project Director Nirmithi Kendra Chitradrga,475000.0,2,237500.0,52.5,V39
Surya Teja Bore wells,474808.0,1,474808.0,50.81,V39
GRAM PANCHAYAT zazori,474716.0,1,474716.0,50.82,V39
SHIVAJI ENTERPRISES,474340.0,1,474340.0,50.84,V39
G S Enterprises,473293.0,2,236646.5,47.364999999999995,V39
SUNIL KASHYAP,472708.0,1,472708.0,50.63,V39
Sanjaya Kumar Patel,472648.0,1,472648.0,50.63,V39
Shri Khetarpal Ji Projects And Suppliers,472019.0,1,472019.0,50.65,V39
Abdu Sadique I P,471975.0,1,471975.0,50.65,V39
rakesh kumawat,469928.0,1,469928.0,49.64,V39
Unitone Home Appliances,465511.0,2,232755.5,47.905,V39
Saurabh Verma,465268.0,1,465268.0,49.87,V39
Ramkishan Dubey,465157.0,1,465157.0,49.96,V39
Prosanta Hatibaruah,463900.0,1,463900.0,49.79,V39
PVS AND COMPANY,459743.0,1,459743.0,49.73,V39
Rajive C K,456779.0,1,456779.0,48.14,V39
BADARI PRASAD SHIKSHA PRASAR SAMITI SUTI SUKARAULI,456500.0,1,456500.0,48.08,V39
Sarabjit Singh so Tulsa Singh,455728.0,1,455728.0,47.42,V39
Sarpanh gram panchyat ilmidi,455140.0,1,455140.0,31.7,V39
Sri Venkateswara Constructions,454338.0,1,454338.0,31.62,V39
LAKSHMANAN C,453160.0,1,453160.0,31.63,V39
PITHA HANSDAH,451220.0,1,451220.0,31.21,V39
PRABIR KUMAR RAKSHIT,450683.0,1,450683.0,31.19,V39
JOGINDER GOVT CONTRACTOR,450487.0,1,450487.0,31.2,V39
KUNDANAM INDUSTRIES,450391.0,1,450391.0,38.39,V39
SARPANCH GRAMPANCHAYAT KALAMTHA,450000.0,1,450000.0,51.91,V39
LADOL GRAM PANCHAYAT,450000.0,3,150000.0,51.63333333333333,V39
SARPANCH GRAM PANCHAYAT SENDURAS,450000.0,2,225000.0,50.135000000000005,V39
sarpanchgram panchayat gadiya,450000.0,1,450000.0,31.19,V39
chokari Grampanchayat,450000.0,1,450000.0,31.19,V39
VLC PRESIDENT REDDIVARIPALLI GP,449930.0,1,449930.0,31.19,V39
Highstone Technologies Private Limited,449900.0,1,449900.0,31.19,V39
isdra gram panchayat,449439.0,1,449439.0,31.19,V39
Diganta Barthakur,449243.0,1,449243.0,31.19,V39
Giri Construction,448508.0,1,448508.0,31.19,V39
P B Construction prop Dilip Bhunia,447167.0,1,447167.0,31.21,V39
VIKAS CONSTRUCTIONS,446691.0,1,446691.0,31.24,V39
HIRAL CONSTRUCTION,446339.0,3,148779.66666666666,49.663333333333334,V39
P RAVEENDRAKUMAR,445468.0,1,445468.0,31.94,V39
Madavi Bheer Shaw,441862.0,1,441862.0,48.23,V39
SANWARIYA CONSTRUCTION,440462.0,1,440462.0,49.0,V39
Sukanta Enterprise,440458.0,1,440458.0,49.01,V39
MS SUSHMA CONSTRUCTION,440400.0,1,440400.0,49.04,V39
WIN POWER CONSTRUCTION CO,438500.0,1,438500.0,49.42,V39
PAL CONSTRUCTIONS,438297.0,1,438297.0,49.48,V39
GKNR Constructions and Man Power suppliers,436800.0,1,436800.0,49.42,V39
OM PRAKASH ARYA,436735.0,4,109183.75,37.695,V39
TANISA ENTERPRISE,434369.0,1,434369.0,49.27,V39
D R CONSTRUCTION,433861.0,1,433861.0,49.27,V39
MATHEW M,433152.0,1,433152.0,59.0,V39
SUBRAT KUMAR MUKHI,431500.0,1,431500.0,49.07,V39
Gram Panchayat Kankapura,430237.0,1,430237.0,48.98,V39
Ankush Sharma,430200.0,4,107550.0,46.5125,V39
THE LAL KRIPA COOP LANDC SOCIETY LTD,428013.0,1,428013.0,48.95,V39
PESI PRIVATE LIMITED,426013.0,1,426013.0,48.69,V39
Sarpach gram panchyat murkinar,425000.0,1,425000.0,48.52,V39
JANTA INTER COLLEGE ASIDHAWA,425000.0,1,425000.0,48.52,V39
Vishri Construction And Paver Block,424168.0,1,424168.0,48.54,V39
SHIVSHANKAR MAJOOR SAHAKARI SANSTHA LIMITED,423406.0,1,423406.0,48.38,V39
Meero Construction Company,420004.0,1,420004.0,47.63,V39
gram panchayat bital,420000.0,1,420000.0,47.63,V39
Sai Manjula Agencies,419963.0,1,419963.0,47.62,V39
BALAGA SRIRAMULU,419938.0,2,209969.0,50.405,V39
HOTHIJI KHADBA GRAM PANCHAYAT,418982.0,1,418982.0,47.69,V39
KRISHNA TALWAR,417642.0,1,417642.0,47.87,V39
Abdul Wahid Magray,417000.0,1,417000.0,47.87,V39
MADHUSUDAN PARHI,416871.0,1,416871.0,47.87,V39
BINSU DANIEL,416286.0,1,416286.0,47.86,V39
EX SERVICEMEN ASSOCIATION,415577.0,1,415577.0,47.94,V39
MS SHERPUR BRICK KILN,414750.0,1,414750.0,55.44,V39
Namdev Avinash Nazare,413190.0,1,413190.0,48.22,V39
Sanjay Majur Sahkari Sanstha Maryadit,413099.0,1,413099.0,48.19,V39
SHRISHYAM ENTERPRISE,412534.0,1,412534.0,48.05,V39
SHARADA ENTERPRISES,410876.0,1,410876.0,50.19,V39
RELIABLE TRADERS,410242.0,1,410242.0,50.11,V39
SANGANAGOUD BIRADAR,410098.0,5,82019.6,34.83,V39
BIDYADHARA PATRA,409304.0,1,409304.0,50.67,V39
PATNAM NAGESH,408727.0,1,408727.0,51.6,V39
MS MADANPAL SINGH,407481.0,1,407481.0,52.58,V39
Aparna Construction and Suppliers,406316.0,1,406316.0,52.61,V39
Shri Ram Industries,405265.0,1,405265.0,52.54,V39
Daramvir Singh Contractor,405000.0,1,405000.0,52.55,V39
Sajeeesh kumar,403398.0,1,403398.0,52.5,V39
SANGAM CEMENT AGENCY,401863.0,1,401863.0,52.5,V39
jai maa construction and material suppliers,401413.0,1,401413.0,52.4,V39
ABUTURAAB ELECTRICAL ENGINEERING,400186.0,1,400186.0,52.16,V39
ABHOR GRAM PANCHAYAT,400000.0,1,400000.0,39.86,V39
SHAM LAL BAL MUKAND,400000.0,1,400000.0,39.86,V39
DHARPURA KHANT,400000.0,2,200000.0,49.46,V39
Temsu Ao,400000.0,1,400000.0,39.86,V39
SARPANCH SACHIV DP DHAURABHANTA,400000.0,1,400000.0,53.78,V39
GRAM PANCHAYAT AMLAWADBEEKA,400000.0,1,400000.0,39.86,V39
SAMPANGI NARSAIAH,400000.0,1,400000.0,39.86,V39
SARMISTA PANDA,400000.0,1,400000.0,39.86,V39
HARIPAR KERALA GRAM PANCHAYAT,400000.0,1,400000.0,39.86,V39
SHRI KADBAL GRAM PANCHAYAT,400000.0,1,400000.0,39.86,V39
VISALIYA GRAM PANCHAYAT,400000.0,1,400000.0,39.86,V39
Gaddam Ravikiran Reddy,400000.0,1,400000.0,39.86,V39
QUALITTY ENTERPRISES,400000.0,1,400000.0,39.86,V39
GRAM PANCHAYAT TADAVA,400000.0,1,400000.0,39.86,V39
RAJ KUMAR GHADAIPATRO,400000.0,1,400000.0,39.86,V39
SRI BANNARI AMMAN TRADERS,400000.0,1,400000.0,39.86,V39
GRAM PANCHAYT KHARRA,400000.0,1,400000.0,39.86,V39
Parevala Gram Panchayat,400000.0,1,400000.0,39.86,V39
BACCHI DEVI SHIVRAJ SINGH SIKSHA SEWA SANSTHAN,400000.0,1,400000.0,39.86,V39
PURUSOTTAM MEHER,400000.0,1,400000.0,39.86,V39
GRAM PANCHAYAT KHAMTRAI,400000.0,1,400000.0,39.86,V39
Gram Panchayat Amjhera janpad Panchayat sardarpur,400000.0,1,400000.0,39.86,V39
Moti Varnoli Gram Panchayat,400000.0,1,400000.0,39.86,V39
K RAMESH REDDY,400000.0,1,400000.0,39.86,V39
NARANPAR ROHA JUTH GRAM PANCHAYAT,400000.0,1,400000.0,39.86,V39
SARPANCH SACHIV GRAM PANCHAYAT GANYARI,400000.0,1,400000.0,39.86,V39
sarpanch sachiv nawagaongahira,400000.0,1,400000.0,39.86,V39
shree jambarvala gram panchayat,400000.0,1,400000.0,39.86,V39
SHREE GOREWALI JUTH GRAM PANCHAYAT,400000.0,1,400000.0,39.86,V39
SARPANCH SACHIV GRAM PANCHAYAT KUTHREL,400000.0,1,400000.0,39.86,V39
GHADKAN GRAM PANCHAYAT,400000.0,1,400000.0,39.86,V39
GRAM PANCHAYT DEVRI,400000.0,1,400000.0,39.86,V39
MORAGAR JUTH GRAM PANCHAYAT,400000.0,1,400000.0,39.86,V39
Block Development officer Nahan,400000.0,2,200000.0,51.46,V39
GRAM PANCHAYT GODGIRI,400000.0,1,400000.0,39.86,V39
GRAM PANCHAYAT TORLA,400000.0,1,400000.0,39.86,V39
NEW GARG ENTERPRISES,399974.0,1,399974.0,52.06,V39
N NALLATHAMBI,399890.0,1,399890.0,52.13,V39
M VELU,399772.0,1,399772.0,52.21,V39
Pachha Ajay,399605.0,1,399605.0,52.25,V39
SWARUP SARKAR,399582.0,1,399582.0,52.26,V39
DHUNADARA gram panchayat,399439.0,1,399439.0,52.28,V39
SHAPURAM GANESH,399284.0,1,399284.0,52.28,V39
ASSISTANT ENGINEER ISLAMPUR A C,398886.0,1,398886.0,52.24,V39
ASSISTANT ENGINEER HILSA A C,398826.0,1,398826.0,52.25,V39
RANGAMATI ENGINEERS CO OPERATIVE SOCIETY LTD,398628.0,1,398628.0,52.21,V39
SATGURU BUILDING,398600.0,1,398600.0,52.21,V39
YARAGARLA RADHAKRISHNA,398519.0,1,398519.0,52.21,V39
NINAD PRADIPRAO WANKHEDE,398363.0,1,398363.0,52.18,V39
SHRINIVAS S MAVINAKAI CONTRACTOR,398213.0,1,398213.0,52.19,V39
SHRI MOTABHADUKIYA GRAM PANCHAYAT,398074.0,1,398074.0,51.62,V39
ASMITHA SC LABOUR CONTRACT SOCIETY,397856.0,1,397856.0,51.23,V39
VEERANNA RAMPPA BARAKER,397413.0,1,397413.0,50.94,V39
BHOJRAJ MAJOOR SAH SANTHA SAWNER,397004.0,1,397004.0,51.04,V39
Shivaji Bhajantri,396375.0,1,396375.0,50.76,V39
Syed Mahammad Firoz Ali,396167.0,1,396167.0,50.84,V39
J K ENTERPRISES JALENDHAR,396124.0,1,396124.0,50.86,V39
RAJU YADAV,396117.0,1,396117.0,50.86,V39
simpi,395705.0,1,395705.0,50.83,V39
ABHIMANYU GIRI,395692.0,1,395692.0,50.83,V39
ASSISTANT ENGINEER KUSHESHWAR ASTHAN,394259.0,1,394259.0,50.99,V39
Balaji Construction,393597.0,1,393597.0,51.08,V39
Sasidharan K N,392894.0,1,392894.0,51.11,V39
JAYDEEP ENTERPRISE,391303.0,1,391303.0,51.1,V39
MS Suresh Chauhan,390238.0,1,390238.0,50.9,V39
GIGASAN GRAM PANCHAYAT,390000.0,1,390000.0,50.94,V39
Satya SaiKalyan Sewa Samiti,388763.0,1,388763.0,50.85,V39
BIJU M,385571.0,1,385571.0,51.35,V39
CHOUDHARY BHILDERS,385352.0,1,385352.0,51.84,V39
Ms Sikander Industries,384964.0,1,384964.0,59.09,V39
Vejandla Ekambareswara Rao,383578.0,2,191789.0,51.480000000000004,V39
ARUN DEVELOPERS,383500.0,1,383500.0,51.94,V39
SUNDARASU,382845.0,1,382845.0,51.95,V39
ram narayan enterprises,381544.0,1,381544.0,51.92,V39
AWADH CONSTRUCTIONS COMPANY,380590.0,2,190295.0,49.97,V39
JAMNA LAL DAROGA,380506.0,1,380506.0,51.91,V39
venkateswara rao ganesana,380097.0,1,380097.0,57.52,V39
SATWIK SHEELAVANT,377250.0,1,377250.0,52.05,V39
THE SHIVAM CO OP L AND C SOCIETY LTD,377197.0,1,377197.0,52.04,V39
DULFIKAR K V,377147.0,1,377147.0,52.04,V39
Gunta Ravi,376711.0,2,188355.5,48.745000000000005,V39
ROHTASH SINGH CONTRACTOR,376584.0,1,376584.0,53.51,V39
SANWARIYA BUILDING AND MATERIAL SUPPLIERS,375718.0,1,375718.0,51.97,V39
RAGHVENDRA MARUTI NAIK,375000.0,1,375000.0,40.08,V39
SHIVARAJ DYAVAPPA DANDIN,375000.0,1,375000.0,40.08,V39
GP CHANDEH,375000.0,1,375000.0,40.08,V39
B H Harish,375000.0,1,375000.0,40.08,V39
VIJAY S HODLUR,375000.0,1,375000.0,40.08,V39
MOUNESH,375000.0,1,375000.0,40.08,V39
Gram Panchayat Kathoda Fazalpur,375000.0,1,375000.0,40.08,V39
ABHISHEK JAMBU MOHITE,375000.0,1,375000.0,40.08,V39
NewDabbu Traders,375000.0,1,375000.0,40.08,V39
SOMANATH MALLAPPA HUNDRE,375000.0,1,375000.0,40.08,V39
BASAVARAJ GANAGAPPA AMBIGER,375000.0,1,375000.0,40.08,V39
RAVIKUMAR M,375000.0,1,375000.0,40.08,V39
GRAM PANCHAYT SARDA,375000.0,1,375000.0,40.08,V39
UMESH J,375000.0,1,375000.0,40.08,V39
SURAT BORGOYARY,375000.0,1,375000.0,40.08,V39
BEERAPPA S YANNI,375000.0,1,375000.0,40.08,V39
VINAYAK MANE,375000.0,1,375000.0,40.08,V39
Gram Panchayat Airan Mirjapur,375000.0,1,375000.0,40.08,V39
BASAVARAJ MAHANTESH PATIL,375000.0,1,375000.0,40.08,V39
ASANGEPPA HANUMANTAPPA BANDIWADDAR,375000.0,1,375000.0,40.08,V39
Shivkumar,375000.0,1,375000.0,40.08,V39
RAGHAVENDRA I NARAGATTI,375000.0,1,375000.0,40.08,V39
LINGANANDA TALAWAR URF HANCHINAMANI,375000.0,1,375000.0,40.08,V39
BASAVARAJU,375000.0,1,375000.0,40.08,V39
LINGAPPA,375000.0,1,375000.0,40.08,V39
ABHISHEK V GOUDAR,375000.0,1,375000.0,40.08,V39
B K Appanna,375000.0,2,187500.0,48.92,V39
GRAM PANCHAYAT DHANOURA,375000.0,1,375000.0,40.08,V39
GOVINDA NAYAK,375000.0,1,375000.0,40.08,V39
Gram Panchayat Chandwar,375000.0,1,375000.0,40.08,V39
SHRI SWAMI CONSTRUCTIONS PROP P C SHATAVAJI,375000.0,1,375000.0,40.08,V39
VINAYAK TAMMANACHE,375000.0,1,375000.0,40.08,V39
PANDIT,375000.0,2,187500.0,48.92,V39
MS SAUVYA ENTERPRISES,374627.0,1,374627.0,51.95,V39
GOVIND DAS ARYA,374442.0,3,124814.0,34.20666666666667,V39
PRALHAD,374250.0,1,374250.0,51.97,V39
SR Enterprises prop shahrukh,373538.0,1,373538.0,52.04,V39
BHAWANI ENTERPRISES,372672.0,1,372672.0,51.95,V39
Gram Panchayat Jaitpur Sekhpur,371569.0,1,371569.0,51.96,V39
SUNIL SABAVVA SANDRIMANI,371250.0,1,371250.0,51.94,V39
Sh Rattan Singh So Lakhpat Singh Ro Beeranbass Hochak Pogal District Ramban Contractor,371000.0,2,185500.0,46.93,V39
PAWAN KUMAR SANJAY KUMAR,368227.0,1,368227.0,51.91,V39
MANIRUL HAQUE ANSARI,368197.0,1,368197.0,51.91,V39
Parth Construction Company,368034.0,1,368034.0,51.91,V39
DILSHAN CONSTRUCTION,367784.0,2,183892.0,48.165,V39
Poweron Buisness Solutions,367759.0,1,367759.0,51.92,V39
Sabu K A,367621.0,1,367621.0,51.92,V39
MUHAMMED SAKKEER K,365609.0,1,365609.0,51.79,V39
MP STATE AGRO CHHATARPUR,364616.0,1,364616.0,51.4,V39
BDO Dehra Lok Sabha,362500.0,6,60416.666666666664,51.36333333333334,V39
UDAY KIRAN PROJECTS,361591.0,1,361591.0,50.72,V39
Gopinath Ram,360096.0,1,360096.0,50.48,V39
GRAM PANCHAYAT PAHADI WAVAN,360000.0,1,360000.0,50.48,V39
Changada Gp Account,360000.0,3,120000.0,38.94,V39
Construction of Crematoriums at Gaon Dimoria,360000.0,1,360000.0,50.48,V39
GRAM PANCHAYAT NAYAGAON,360000.0,1,360000.0,50.48,V39
CHHOTU LAL MEENA,359000.0,1,359000.0,50.79,V39
kavita construction company,354348.0,1,354348.0,49.28,V39
PJB BRICKS INDUSTRY,353421.0,1,353421.0,47.33,V39
KLK Ventures Private Limited,353372.0,23,15364.0,49.31,V39
Divya Construction Company,353100.0,1,353100.0,32.5,V39
Manuj Kumar Telia,350377.0,1,350377.0,32.11,V39
Gram Panchayat Bachhadawada janpad Panchayat nalchha district dhar,350000.0,1,350000.0,32.11,V39
Sarpanch Gram Panchayat Bharlai,350000.0,1,350000.0,32.11,V39
Dillod,350000.0,1,350000.0,32.11,V39
SARPANCH SHREE MAGODI GRAM PANCHAYAT,350000.0,1,350000.0,32.11,V39
LADOLI GRAM SEWVA SHAKARI SAMITI LIMITED,350000.0,1,350000.0,32.11,V39
SARPANCH GRAM PANCHAYAT PARSAHI,350000.0,1,350000.0,32.11,V39
DASHMESH ENGG WORKS,350000.0,1,350000.0,32.11,V39
GRAM PANCHAYAT NAUGAWAN DHIR SINGH,350000.0,1,350000.0,32.11,V39
GP BHAWARCHUWA,350000.0,1,350000.0,32.11,V39
SARPANCH GRAM PANCHAYAT TELIGUNDRA,350000.0,1,350000.0,32.11,V39
SAMASPURA GRAM PANCHAYAT,350000.0,1,350000.0,32.11,V39
GRAM PANCHAYAT KUKASVADA,349560.0,1,349560.0,31.05,V39
EVERGREEN ENTERPRISE,349504.0,1,349504.0,31.05,V39
OHAB SK,349363.0,1,349363.0,31.05,V39
LIMAJ GRAM PANCHAYAT,348538.0,1,348538.0,31.05,V39
Saji C,348164.0,1,348164.0,30.97,V39
TIRUPATI ENTERPRISE,348032.0,1,348032.0,30.97,V39
GRAM PANCHAYAT MADDED,346092.0,1,346092.0,37.58,V39
Nafis Enterprise,346022.0,1,346022.0,47.17,V39
gumadiya gram panchayat,344075.0,2,172037.5,48.67,V39
SHREYAN CONSTRUCTION,343748.0,1,343748.0,50.1,V39
NIRANJAN BEHERA,343326.0,1,343326.0,50.21,V39
MS GOPINATH MAITY,342151.0,1,342151.0,50.41,V39
Attar Brothers,340600.0,1,340600.0,50.25,V39
DIPALI GOYAL,339890.0,1,339890.0,50.21,V39
Gayatri Engineering Company,337854.0,1,337854.0,49.75,V39
GRAMPANCHAYAT ROHSIBUJURG SANSADNIDHI,337500.0,1,337500.0,48.87,V39
VAIBHAV Contractor,336237.0,1,336237.0,48.79,V39
Marwari Yuva Manch,335000.0,1,335000.0,48.0,V39
ASSISTANT ENGINEER JEHANABAD,334265.0,1,334265.0,48.13,V39
STAR DEALERS,333000.0,1,333000.0,47.15,V39
Nagka Garam Panchayat,331662.0,1,331662.0,31.5,V39
JEPUR GRAM PANCHAYAT,331343.0,1,331343.0,31.5,V39
Bolleddu Sangeetha Rao,330722.0,1,330722.0,31.33,V39
NEW SYNDICATE SPORTS,330600.0,2,165300.0,49.935,V39
VAJKSR00060651,329000.0,1,329000.0,31.28,V39
RAHAMAN ENTERPRISE,328709.0,1,328709.0,31.13,V39
OMASSERY LABOUR CONTRACT CO OPARATIVE SOCIETY,327850.0,1,327850.0,31.09,V39
Quality Contractors,327469.0,1,327469.0,30.91,V39
UJJAWAL ENTERPRISES,327450.0,1,327450.0,30.91,V39
ms santosh traders,325920.0,1,325920.0,31.08,V39
Sri Maheshwari Contract Works,324108.0,1,324108.0,31.06,V39
The M P Cooperative Labour and Construction Society Ltd,323660.0,1,323660.0,31.48,V39
GURUKIRPA CONTRACTOR,322952.0,1,322952.0,32.15,V39
MAA PITAMBRA GROUP,321713.0,1,321713.0,32.14,V39
FAZIL AHAMMED P,320090.0,1,320090.0,31.97,V39
SRYGR PANCH JHIRIPANI,320000.0,1,320000.0,31.97,V39
GANESH HARDWARE,320000.0,1,320000.0,31.97,V39
GRAM PANCHAYAT KHOKSARA,320000.0,1,320000.0,31.97,V39
GRYGRAM PAN SENDMUDA,320000.0,1,320000.0,31.97,V39
JUNIOR ENGINEER,318931.0,1,318931.0,47.61,V39
PRATIGYA HARDWARE STORE,314974.0,1,314974.0,49.95,V39
Moparthy Srinivasa Rao,314762.0,1,314762.0,49.96,V39
Sainik Enterprise,311675.0,1,311675.0,52.05,V39
ANITA RAJPUT KUMAR,310056.0,1,310056.0,52.1,V39
Yuvraj Enterprises,306000.0,1,306000.0,51.95,V39
BHABHA SHREE INFRATECH,305937.0,1,305937.0,51.94,V39
JR INDUSTRIES,305709.0,2,152854.5,54.394999999999996,V39
MS DIVYANSH CONSTRUCTION PRO PRAMOD KUMAR SINGH,302133.0,1,302133.0,51.63,V39
JE SALIPUR DILLIP KUMAR ROUL,300902.0,1,300902.0,51.62,V39
R R CABLE NETWORK,300165.0,1,300165.0,51.41,V39
SUNIL,300000.0,1,300000.0,39.13,V39
GODA GRAM PANCHAYAT,300000.0,1,300000.0,39.13,V39
MADHUSUDAN BANCHHOR,300000.0,1,300000.0,39.13,V39
GRAM PANCHAYAT NAGESHRI,300000.0,1,300000.0,39.13,V39
MAA VAISHNO TRADERS,300000.0,1,300000.0,39.13,V39
STAR GALAXY NUTRITION,300000.0,1,300000.0,39.13,V39
Woman Musafir Khana,300000.0,1,300000.0,39.13,V39
GRAM PANCHAYAT MAHANTPUR JP DAMOH,300000.0,1,300000.0,39.13,V39
GRAM PANCHAYAT NARENDRAGARH,300000.0,1,300000.0,39.13,V39
Munshi Ram,300000.0,1,300000.0,39.13,V39
SATAPAR GRAM PANCHAYAT,300000.0,1,300000.0,39.13,V39
GRAM PANCHAYAT BARKHEDA,300000.0,1,300000.0,39.13,V39
GRAM PANCHAYAT GUDHORA,300000.0,1,300000.0,39.13,V39
GRAM PANCHAYAT INDRI MAWAI,300000.0,1,300000.0,39.13,V39
GRAM PANCHAYAT CHOWK BRADTA,300000.0,2,150000.0,50.28,V39
GRAM PANCHAYAT BUMHORIPURWA,300000.0,1,300000.0,39.13,V39
SHIVANNA T,300000.0,1,300000.0,39.13,V39
SARPANCH SACHIV GRAM PANCHAYAT BARGAON,300000.0,1,300000.0,39.13,V39
SARPANCH GRAMPANCHAYAT KALWACH,300000.0,1,300000.0,51.36,V39
NARANPURA KAMPA GRAM PANCHAYAT,300000.0,1,300000.0,39.13,V39
OUM SAI CONSTRUCTION,300000.0,1,300000.0,39.13,V39
BHANUMATI TUDU,300000.0,1,300000.0,39.13,V39
GRAM PANCHAYAT ANDHIYARI BARI,300000.0,1,300000.0,39.13,V39
The Karian Co op Society Ltd,300000.0,1,300000.0,39.13,V39
BHAJPURA GROUP GRAM PANCHAYAT,300000.0,1,300000.0,39.13,V39
VISHAL,300000.0,1,300000.0,39.13,V39
ROHID GRAM PANCHAYAT,300000.0,1,300000.0,39.13,V39
GRAM PANCHAYAT PRATAPPURA,300000.0,1,300000.0,39.13,V39
GRAM PANCHAYAT PATNA,300000.0,1,300000.0,39.13,V39
BHACHALVA GRAM PANCHAYAT,300000.0,1,300000.0,39.13,V39
EE APSIDC INTREST AND DISBURESEMENT,300000.0,1,300000.0,39.13,V39
PHALGUNI NIAL,300000.0,1,300000.0,39.13,V39
PILUDARA GRAM PANCHAYAT,300000.0,1,300000.0,39.13,V39
GP KATKI,300000.0,1,300000.0,39.13,V39
GP Nathan,300000.0,1,300000.0,39.13,V39
Fatma Begum,300000.0,1,300000.0,39.13,V39
Gram Panchayat Heerapur,300000.0,2,150000.0,47.92,V39
MAYADHAR BEHERA,300000.0,1,300000.0,39.13,V39
GRAM PANCHAYAT SILON,300000.0,1,300000.0,39.13,V39
GRAM PANCHAYAT SINGARPUR,300000.0,1,300000.0,39.13,V39
SRI LAXMI BHANDAR,300000.0,1,300000.0,39.13,V39
LUVARIYA GRAM PANCHAYAT,300000.0,1,300000.0,39.13,V39
VARASADA GRAM PANCHAYAT,300000.0,1,300000.0,39.13,V39
PIPODARA GRAM PANCHAYAT,300000.0,1,300000.0,39.13,V39
ASSISTANT ENGINEER1 BHATLI BLOCK,300000.0,1,300000.0,39.13,V39
Rennovtion of community hall at khaija dolaigaon,300000.0,1,300000.0,39.13,V39
DDU KANYA INTER COLLEGE MITHAUWA,300000.0,1,300000.0,39.13,V39
Geetanjali Pidika,300000.0,1,300000.0,39.13,V39
PRAFULLA KUMAR MISHRA,300000.0,1,300000.0,39.13,V39
SUDARSAN KATA,300000.0,1,300000.0,39.13,V39
PADMALOCHAN DANDSENA,300000.0,1,300000.0,39.13,V39
JEEBAN KUMAR MISHRA,300000.0,1,300000.0,39.13,V39
CONST OF CULTURAL STAGE INFORNT OF COSMOS CLUB,300000.0,1,300000.0,39.13,V39
JE PANCHAYAT SAMITI DASAMANTPUR,300000.0,1,300000.0,39.13,V39
Dilseng A Sangma,300000.0,1,300000.0,39.13,V39
SALADI GRAM PANCHAYAT,300000.0,1,300000.0,57.74,V39
IMPVT OF ROAD WITH SAND GRAVELLING FROM HARIS RAY HOUSE TO SARBESWAR,300000.0,1,300000.0,39.13,V39
Imtijungla,300000.0,1,300000.0,39.13,V39
GRAM PANCHAYAT MOTAP,300000.0,1,300000.0,39.13,V39
VADIYA GRAM PANCHAYAT VADIYA,300000.0,1,300000.0,39.13,V39
SHUBH ENTERPRISES,300000.0,1,300000.0,39.13,V39
Construction of Hall at Lakhipur College Lakhipur,300000.0,1,300000.0,39.13,V39
GRAM PANCHAYAT JHIRIYA,300000.0,1,300000.0,39.13,V39
GRAM PANCHAYAT BAGHIMA,299984.0,1,299984.0,51.23,V39
Ramehar,299944.0,1,299944.0,51.37,V39
BALAJI ENTERPRISES Kherent,299937.0,1,299937.0,51.38,V39
The Titani Co op l and C Society LTD,299929.0,1,299929.0,51.38,V39
GRAM PANCHAYAT GATORA,299913.0,1,299913.0,51.38,V39
TARORA GRAM PANCHAYT,299874.0,1,299874.0,51.4,V39
NAGRAJ K R,299870.0,1,299870.0,51.4,V39
MEWAR CONSTRUCTION AND BUILDERS,299800.0,1,299800.0,51.44,V39
Vijaypur GP,299590.0,1,299590.0,51.54,V39
KHIJALPUR VANTA gram panchayat,299536.0,1,299536.0,51.5,V39
gram panchayat lilapur,299467.0,1,299467.0,51.52,V39
Ponnam Sreenivas,299418.0,1,299418.0,51.5,V39
JALIYA GRAMPANCHAYAT,299289.0,1,299289.0,51.46,V39
The Chairmen VLWC Kamasamudram,299169.0,1,299169.0,51.48,V39
executive engineer R B BUDGAM,299149.0,1,299149.0,58.61,V39
OM ENTERPRISE,299119.0,1,299119.0,51.41,V39
GRAM PANCHAYAT BHERSAM,299060.0,1,299060.0,49.96,V39
AM Construction,298906.0,1,298906.0,50.78,V39
GRAM PANCHAYAT JUNA VAGHANIYA,298670.0,1,298670.0,36.09,V39
DINESH NAYAK,298314.0,1,298314.0,49.98,V39
GRAM PANCHAYAT AMARGADH,298300.0,1,298300.0,49.99,V39
ANIRUDDHA ENTERPRISES,298160.0,1,298160.0,49.69,V39
GUGALIYANA GRAM PANCHAYAT,298052.0,1,298052.0,49.58,V39
Amit tomar,298004.0,1,298004.0,49.61,V39
PALLE SRAVANATH REDDY,297994.0,1,297994.0,49.62,V39
KUMAR V,297283.0,1,297283.0,49.99,V39
Shaik Rafi,297171.0,1,297171.0,49.62,V39
Manjunath Mallappa Kittur,297093.0,1,297093.0,49.64,V39
LACHHMAN DASS CONTRACTOR,297000.0,1,297000.0,49.45,V39
MANJUNATHA TIPPANNA WADDAR,296964.0,1,296964.0,49.46,V39
DAN SINGH NEGI,296948.0,1,296948.0,49.46,V39
The HR Co Op LC Society Ltd,296849.0,1,296849.0,49.13,V39
ASSISTANT ENGINEER MAKHDUMPUR,296680.0,1,296680.0,48.7,V39
Sankarlal Agarwala,295110.0,1,295110.0,47.93,V39
More Hardware,295110.0,1,295110.0,47.93,V39
Gram Panchayat Ratang,294836.0,1,294836.0,47.95,V39
George Joseph,294725.0,1,294725.0,48.07,V39
RANGPUR GRAM PANCHAYAT,294244.0,1,294244.0,48.55,V39
TERI GRAM PANCHAYAT,294228.0,1,294228.0,48.55,V39
BANGAVADI GRAM PANCHAYAT,294118.0,1,294118.0,48.62,V39
omparkash,294063.0,1,294063.0,48.66,V39
ASHWANI KUMAR,294000.0,1,294000.0,48.69,V39
Shebbin Sebastian,293794.0,1,293794.0,48.74,V39
HARIS BABU,293676.0,1,293676.0,48.77,V39
CHARBHUJA HARDROCK DRILLER,292199.0,1,292199.0,48.97,V39
CHAIRMAN NAMDEO MAHARAJ MAJOOR SAHKARI SANSTHA LIMITED LIMBOLI,292053.0,1,292053.0,58.97,V39
KKG,291998.0,1,291998.0,48.8,V39
M ENTERPRISE,291788.0,1,291788.0,48.89,V39
MOTA AGARIYA GRAM PANCHAYAT,291607.0,1,291607.0,49.01,V39
HP CIVIL Supply Bhaba nagar,291221.0,1,291221.0,48.92,V39
BABALU BEHERA,291000.0,1,291000.0,49.07,V39
PABITRA HANDIQUE,290210.0,1,290210.0,49.53,V39
AMIT KUMAR,290175.0,3,96725.0,44.70666666666667,V39
Grampanchayat Karyalaya Kininawre,287196.0,1,287196.0,49.97,V39
Nirmal Kumar Rout,286382.0,1,286382.0,50.14,V39
MAHAVIRINDUSTRIESDHURI,284507.0,1,284507.0,49.88,V39
Doppalapudi Vasudeva Rao,282121.0,1,282121.0,49.46,V39
N V SURENDRAN,281465.0,1,281465.0,49.1,V39
Lallan singh contractor,281371.0,1,281371.0,49.09,V39
SAJAN DANIEL,281152.0,1,281152.0,49.1,V39
KRISHNA CONSTRUCTION COMPANY,280304.0,1,280304.0,48.08,V39
RAHUL,278791.0,1,278791.0,47.05,V39
BIJEPI BAGH,278598.0,1,278598.0,47.08,V39
SHIV SHAKTI CONSTRUCTION PRO SMT INDU SINGH,278494.0,1,278494.0,47.11,V39
L R URADE BILDING MATERIAL SUPLAYARS,276078.0,1,276078.0,46.95,V39
shri shyam construction company,275866.0,1,275866.0,46.95,V39
gram panchayat murmunda,275000.0,2,137500.0,48.69,V39
GRAM PANCHAYAT CHARURI,275000.0,3,91666.66666666667,50.68,V39
GRAM PANCHAYAT SARDARPURA,274825.0,1,274825.0,47.0,V39
Sabu R,273495.0,1,273495.0,47.15,V39
SHRINIVAS SADASHIV MENI,273043.0,1,273043.0,47.04,V39
Jana Enterprise,272501.0,1,272501.0,47.02,V39
JE NREP MP GARHWA,270000.0,1,270000.0,46.82,V39
GRAM PANCHAYAT DHANGAON,269735.0,1,269735.0,46.82,V39
Bilal Ahmad Lone,269000.0,2,134500.0,50.7,V39
MAA ENTERPRISE,268720.0,1,268720.0,46.8,V39
mahendra kumar,268479.0,2,134239.5,51.02,V39
Md Azeemuddin,268220.0,1,268220.0,47.2,V39
Adepu Narsaiah,268220.0,1,268220.0,47.2,V39
GRAM PANCHAYAT DHOLARVA,268042.0,1,268042.0,47.2,V39
Illumix LED Lighting Private Ltd,268000.0,1,268000.0,47.2,V39
PRESIDENT VILLAGE LEVEL COMMITTEE KVRR PURAM CHITVEL,267654.0,1,267654.0,47.15,V39
MS MEENAKSHI HARDWARE,267100.0,1,267100.0,47.38,V39
UPPAL BUILDING MATERIAL,266148.0,1,266148.0,48.25,V39
SARPANCH GRAM PANCHAYAT DANGANIYA B,260000.0,1,260000.0,51.37,V39
SARPANCH GRAM PANCHAYAT JAMGAON M,260000.0,1,260000.0,51.37,V39
SD TILE AND ANDUSTRIES,257900.0,1,257900.0,58.69,V39
LATE HARIHAR PRASAD SAHANI P M V,255000.0,1,255000.0,51.49,V39
PURANMAL AND COMPANY,254746.0,1,254746.0,51.5,V39
SB TRADING COMPANY,251900.0,1,251900.0,51.44,V39
SHRI MEWADA CONSTRUCTION,251014.0,1,251014.0,51.43,V39
GRAM PANCHAYAT RAIPUR,250000.0,1,250000.0,39.39,V39
Chhatral Gram Panchayat,250000.0,1,250000.0,39.39,V39
Assistant Engineer Dasamantpur Block,250000.0,1,250000.0,39.39,V39
GRAM PANCHAYAT NADHELAV,250000.0,1,250000.0,59.21,V39
GRAM PANCHAYAT MAGARWADA,250000.0,1,250000.0,39.39,V39
RITUPURNA SWAIN JE,250000.0,1,250000.0,39.39,V39
POOJA CONSTRUCTION,250000.0,1,250000.0,39.39,V39
gram panchayat chamaray tolagaon,250000.0,1,250000.0,39.39,V39
Akummeren Sanglir,250000.0,1,250000.0,39.39,V39
Gram Panchayat Barkhadi,250000.0,1,250000.0,39.39,V39
Willipson Sangma,250000.0,1,250000.0,39.39,V39
GRAM PANCHAYAT FULIPURA,250000.0,1,250000.0,39.39,V39
CHANDISAR GRAM PANCHAYAT,250000.0,1,250000.0,39.39,V39
Gram Panchayat Kapasthal janpad Panchayat sardarpur,250000.0,1,250000.0,39.39,V39
Gram Panchayat Kathegra,250000.0,1,250000.0,39.39,V39
M S Aulakh Contractors,250000.0,1,250000.0,39.39,V39
GRAM PANCHAYAT SALODA,250000.0,1,250000.0,39.39,V39
GRAM PANCHAYAT CHARCH,250000.0,1,250000.0,39.39,V39
GRAM PANCHAYAT BAMRA,250000.0,1,250000.0,39.39,V39
SARPANCHSHRI UNAVA GRAM PANCHAYAT,250000.0,1,250000.0,39.39,V39
Gram Panchayat Sonhar,250000.0,1,250000.0,39.39,V39
Gram Panchayat Sundrel J P Dharmpuri Dhar,250000.0,1,250000.0,39.39,V39
Gram Panchayat Talbhev,250000.0,1,250000.0,39.39,V39
GramPanchayat Bahgavan,250000.0,1,250000.0,39.39,V39
GRAM PANCHAYAT GHATAI,250000.0,1,250000.0,39.39,V39
Gram Panchayat Khudawali,250000.0,1,250000.0,39.39,V39
Gram Panchayat Kumhar Daniya,250000.0,1,250000.0,39.39,V39
Gupta Tele System,250000.0,1,250000.0,39.39,V39
GRAM PANCHAYAT DARRABHATHA B,250000.0,1,250000.0,39.39,V39
GRAM PANCHAYAT BACHEDI,250000.0,1,250000.0,39.39,V39
Imtinungsang,250000.0,1,250000.0,39.39,V39
PROJECT MANAGER NIRMITHI KENDRA RAMANAGARA,250000.0,2,125000.0,54.72,V39
abhibhashak sangh goharganj,250000.0,1,250000.0,39.39,V39
GP DUBAHA,250000.0,1,250000.0,39.39,V39
GP BRGF PAJHRAPALI,250000.0,1,250000.0,39.39,V39
JUNIOR ENGINEER DASAMANTAPUR BLOCK,250000.0,1,250000.0,39.39,V39
Gram Panchayat Chakrampur,250000.0,1,250000.0,39.39,V39
GRAM PANCHAYAT KHARAIDAVAR,250000.0,1,250000.0,39.39,V39
Rao Adhikari Srinivasa,250000.0,1,250000.0,39.39,V39
Akoti Gram Panchayat,250000.0,1,250000.0,39.39,V39
R Marlemba Ao,250000.0,1,250000.0,39.39,V39
Shiv Shakti iron and Cement store,250000.0,1,250000.0,39.39,V39
Dilseng M Sangma,250000.0,1,250000.0,39.39,V39
Gram Panchayat Kaikhoda,250000.0,1,250000.0,39.39,V39
Gram Panchayat Jaitpur,250000.0,1,250000.0,39.39,V39
GRAM PANCHAYAT PATHAMOTI JANPAD PANCHAYAT UMARBAN,250000.0,1,250000.0,39.39,V39
GRAM PANCHAYAT KOYLARJHORI,250000.0,1,250000.0,39.39,V39
Gram Panchayat Kaliarai,250000.0,1,250000.0,58.42,V39
Khanduli Village Organisation,250000.0,1,250000.0,39.39,V39
GRAM PANCHAYAT TARO,250000.0,1,250000.0,39.39,V39
VELACHHA GRAM PANCHAYAT,250000.0,1,250000.0,39.39,V39
CHANDRAKANT DIXIT,250000.0,1,250000.0,39.39,V39
mitra traders,250000.0,1,250000.0,39.39,V39
ARUN K,250000.0,1,250000.0,39.39,V39
VIRANI AGRO,249998.0,1,249998.0,51.23,V39
Gram panchayat Madwa,249949.0,1,249949.0,51.29,V39
GRAM PANCHAYAT BADHAURA,249940.0,1,249940.0,51.29,V39
THE CHAIRMAN VLC KALUVAPALLE GP,249920.0,1,249920.0,51.29,V39
SUNDARI BHAVANI GRAM PANCHAYAT,249893.0,1,249893.0,51.29,V39
GRAM PANCHAYAT RAMPUR,249870.0,1,249870.0,59.46,V39
Gram panchayat khalpodi,249749.0,1,249749.0,51.2,V39
Sonu Singh,249728.0,1,249728.0,51.2,V39
ALAUL ISLAM,249653.0,1,249653.0,51.2,V39
Jai Baba Barfani trader,249621.0,1,249621.0,51.2,V39
SRINATH GOWDA M S,249559.0,1,249559.0,51.17,V39
Rahul K P,249500.0,1,249500.0,51.16,V39
GRAM PANCHAYAT BAJIPURA VAGPURA,249459.0,1,249459.0,51.17,V39
UMBA grampanchayat,249332.0,1,249332.0,51.17,V39
GRAM PANCHAYAT SAHADA,249291.0,1,249291.0,59.0,V39
GRAM PANCHAYAT NIMACH,249291.0,1,249291.0,59.0,V39
NAGARAJ PRAKASH PATTAR,249249.0,1,249249.0,51.16,V39
SARA GRAM PANCHAYAT,249216.0,1,249216.0,51.16,V39
jai Isht dev supplier,249033.0,1,249033.0,51.11,V39
The Boparai Co Op Society Ltd,249000.0,1,249000.0,51.11,V39
MD SAHABAT HOSSAIN,248606.0,1,248606.0,51.02,V39
DHARSAN GRAM PANCHAYAT,248592.0,1,248592.0,51.02,V39
GRAM PANCHAYAT ZARIKHURD,248299.0,1,248299.0,51.07,V39
Sardar Vallabhbhi Patel Samiti,247872.0,1,247872.0,52.39,V39
RANJIT KAUR,247600.0,1,247600.0,58.14,V39
BHUTARDI GROUP GR PANCHAYAT,247496.0,1,247496.0,59.21,V39
MAHANTESH B KULAKARNI,247155.0,1,247155.0,50.96,V39
Gram Panchayat Udiyakala,246735.0,1,246735.0,51.04,V39
HAMADPARA GRAM PANCHAYAT,246471.0,1,246471.0,50.9,V39
Gadhvana Gram Panchayat,246176.0,1,246176.0,50.87,V39
GRAM PANCHAYAT GANGARDI,245831.0,1,245831.0,50.93,V39
FAREDA GRAM PANCHAYAT,245076.0,1,245076.0,50.93,V39
SAHIL SHARMA CONTRACTOR,245000.0,2,122500.0,49.285,V39
Ghulam Mohi ud din Sheikh,243800.0,1,243800.0,48.21,V39
MS Radhika Enterprises,243775.0,1,243775.0,48.22,V39
MS GAJENDRA SINGH CONTRACTOR,243606.0,1,243606.0,48.31,V39
ABDUL LATHEEF K,243349.0,1,243349.0,48.41,V39
Gram panchayat Ambada,240000.0,1,240000.0,46.96,V39
CONSTRUCTION OF CULTURAL STAGE AT BARHARID NEAR SRI SRI KALIA NAMGHAR,240000.0,1,240000.0,46.96,V39
Gram panchayat Rajna,240000.0,1,240000.0,46.96,V39
GRAM PANCHAYAT BUDOUR,240000.0,1,240000.0,46.96,V39
SRI SRI NARASINGHA GOPAL NAMGHAR VILL KAMARGAON,240000.0,1,240000.0,46.96,V39
Rennovation of Natghar at Rabhapara,240000.0,1,240000.0,46.96,V39
SARPANCH GRAM PANCHAYAT NAWAGAON,239960.0,1,239960.0,46.96,V39
RAJHANS,239953.0,1,239953.0,46.96,V39
BOBICONSTRUCTIONCOMPANY,239376.0,1,239376.0,46.54,V39
Jain Industries,239085.0,1,239085.0,46.61,V39
shivalik engineers and contractors,238932.0,2,119466.0,51.114999999999995,V39
ABDUL NASAR M P,238462.0,1,238462.0,46.96,V39
BHILLOWAL TRADERS,238140.0,1,238140.0,46.97,V39
UMESH BHUE,238065.0,1,238065.0,47.01,V39
KAMADGIRI TRADERS,237319.0,1,237319.0,46.78,V39
GRAM PANCHAYAT TENDUHA NO 1,236843.0,1,236843.0,46.78,V39
Dhaliwal Enterprises,236600.0,1,236600.0,53.98,V39
VIKAS,235730.0,1,235730.0,46.79,V39
ABBAVARAM MALLIKARJUNA REDDY,235687.0,3,78562.33333333333,51.82333333333333,V39
RAJ KUMAR N,233917.0,1,233917.0,48.84,V39
The Gill Sehkari Kirat te Ussari Sabha Ltd,232838.0,1,232838.0,49.34,V39
DINESH SINGH,231634.0,1,231634.0,48.86,V39
TYAGI CONSTRUTION AND ORDER SUPPLIERS,230926.0,1,230926.0,48.65,V39
SATYA PRIYA PAUL,227607.0,1,227607.0,48.43,V39
SHIVANAND MALLAPPA MENASINAKAI,225000.0,1,225000.0,47.59,V39
SHIVAJI BHIMU JADHAV,225000.0,1,225000.0,47.59,V39
Gram Panchayt Chapapadar,225000.0,1,225000.0,47.59,V39
C S RAMESH,225000.0,1,225000.0,47.59,V39
ASHWATHAM SHASAPPA REBINAL,225000.0,1,225000.0,47.59,V39
DUBEY CONSTRUCTION PRO SANTOSH KUMAR DUBEY,224818.0,1,224818.0,47.62,V39
GRAM PANCHAYAT BAMANGAM,224143.0,1,224143.0,47.69,V39
sokhda khurd gram panchayat,224138.0,1,224138.0,47.69,V39
The Shubh Coop L and C Society Ltd,224063.0,1,224063.0,47.71,V39
Mohd Rafiq Mir,223600.0,1,223600.0,47.81,V39
NARAYAN ROUT AND SMT SWARNALATA ROUT,223000.0,1,223000.0,48.01,V39
BHAI BHAI ENTERPRAIGE,221607.0,1,221607.0,47.98,V39
KALLOOR ELECTRONICS AND LIGHTING PVT LTD,220427.0,1,220427.0,47.71,V39
CHITRODA MOTA GRAM PANCHAYAT,220000.0,1,220000.0,47.67,V39
SRI LAKSHMI ELECTRICAL SERVICE,217548.0,1,217548.0,47.74,V39
Param Enterprises,217465.0,1,217465.0,47.75,V39
SHRI SAI ENGINEERING WORKS,216409.0,1,216409.0,57.76,V39
EDD SARDHANA MEERUT,211345.0,2,105672.5,51.6,V39
MUKESH KUMAR,211000.0,1,211000.0,52.12,V39
Pankaj Sharma,210400.0,1,210400.0,52.17,V39
MS VINOD ENTERPRIES,210000.0,1,210000.0,52.19,V39
DEKA BROTHERS EMTERPRISE,209162.0,1,209162.0,52.3,V39
EE EUDD 1,208800.0,1,208800.0,52.3,V39
Ms AMRIT LAL B K O,208000.0,2,104000.0,42.39,V39
LALITA,207645.0,1,207645.0,52.24,V39
LAVKUSH CONSTRUCTION,204345.0,1,204345.0,52.21,V39
charbhuja construction,202226.0,1,202226.0,52.13,V39
SAROJ BALA,202000.0,1,202000.0,52.13,V39
TANVEER Engineering,201594.0,1,201594.0,52.12,V39
ASSISTANT ENGINEER MOHANIA,201465.0,1,201465.0,52.1,V39
jai mata di enterprises,200228.0,1,200228.0,51.8,V39
MONUJ KURMI,200028.0,1,200028.0,51.79,V39
Neog Hardware,200000.0,1,200000.0,39.64,V39
SARPANCH GRAM PANCHAYAT RUHI,200000.0,1,200000.0,39.64,V39
khanpura gram panchayat,200000.0,1,200000.0,39.64,V39
DHARAMPUR BHALTHI GRAM PANCHAYAT,200000.0,1,200000.0,39.64,V39
Peter Jyrwa,200000.0,1,200000.0,39.64,V39
Bombay Sports Syndicate,200000.0,1,200000.0,39.64,V39
GAMANPURA GRAMPANCHAYAT,200000.0,1,200000.0,39.64,V39
CHHATHIYARDA GRAM PANCHAYAT,200000.0,1,200000.0,39.64,V39
MOTI CHANDUR GRAM PANCHAYAT,200000.0,1,200000.0,39.64,V39
Gram Panchayat Kanera,200000.0,1,200000.0,39.64,V39
Gram Panchayat Kalu,200000.0,1,200000.0,39.64,V39
GRAM PANCHAYAT OBARHA JANPAD PANCHAYAT SIDHI,200000.0,1,200000.0,46.84,V39
GRAM PANCHAYAT KOYLARI,200000.0,1,200000.0,39.64,V39
RESTER BROWN SANGMA,200000.0,1,200000.0,46.84,V39
KEVDI GROUP GRAM PANCHAYAT,200000.0,1,200000.0,39.64,V39
gram panchayat shreenagar,200000.0,2,100000.0,33.11,V39
KAJIRAM SALOI HARDWARE,200000.0,1,200000.0,39.64,V39
CHAMPA,200000.0,1,200000.0,39.64,V39
Susanta Kumar Polei,200000.0,1,200000.0,39.64,V39
KARSAD GRAM PANCHAYAT,200000.0,1,200000.0,39.64,V39
JAMANIA GRAM PANCHAYAT,200000.0,1,200000.0,39.64,V39
Ghogha Gram Panchayat,200000.0,1,200000.0,39.64,V39
GP Dunkhrigahar,200000.0,1,200000.0,39.64,V39
Jamindro R Marak,200000.0,1,200000.0,46.84,V39
Gram Panchayat DHAMANDRI,200000.0,1,200000.0,39.64,V39
Gram Panchayat Batuhi,200000.0,2,100000.0,33.11,V39
BISHT CONSTRUCTION,200000.0,1,200000.0,39.64,V39
BEBETO N MARAK,200000.0,1,200000.0,46.84,V39
D BHABANI SANKAR DORA,200000.0,1,200000.0,39.64,V39
TFS ENTERPRISES,200000.0,1,200000.0,39.64,V39
PALASNI JUTH GRAM PANCHAYAT,200000.0,1,200000.0,39.64,V39
UNIQUE TECHNO SOLUTIONS PVT LTD,200000.0,1,200000.0,39.64,V39
BDO Rait,200000.0,1,200000.0,39.64,V39
GP Suin Kufridhar,200000.0,1,200000.0,39.64,V39
JASVANTPURA GRAM PANCHAYAT,200000.0,1,200000.0,39.64,V39
JASKA GRAM PANCHAYAT,200000.0,1,200000.0,39.64,V39
GP SHEKUKHEDA JAWAR,200000.0,1,200000.0,39.64,V39
TUNA GRAM PANCHAYAT,200000.0,1,200000.0,39.64,V39
SARPACH SACHIV GP PADMI,200000.0,1,200000.0,39.64,V39
GRAM PANCHAYAT GOPALPUR,200000.0,1,200000.0,39.64,V39
Gram Panchayat Kot,200000.0,1,200000.0,39.64,V39
utvad gram Panchayat,200000.0,1,200000.0,39.64,V39
SARPANCHASHRI PURAL GRAM PANCHAYAT,200000.0,1,200000.0,39.64,V39
A S SIDDIQUE HARDWARE SHOP,199986.0,1,199986.0,51.71,V39
MARTOLIA TRADERS,199980.0,1,199980.0,51.74,V39
RAMESH,199966.0,1,199966.0,51.79,V39
BHARAT DUTTA,199900.0,1,199900.0,51.83,V39
RAJ KUMAR SAGAR,199862.0,1,199862.0,51.85,V39
RAVALIYA GRAM PANCHAYAT,199852.0,1,199852.0,51.85,V39
SADUM NAGARAJA,199846.0,1,199846.0,51.85,V39
JAY SOMNATH CONSTRUCTION,199843.0,1,199843.0,51.85,V39
GRAM PANCHAYAT VASTANA,199804.0,1,199804.0,51.86,V39
EE HPPWD PALAMPUR,199521.0,1,199521.0,51.83,V39
VEGADAVAV GRAM PANCHAYAT,199331.0,1,199331.0,51.83,V39
K MURUSALEEM,199321.0,1,199321.0,51.8,V39
TIMBA GRAM PANCHAYAT,199308.0,1,199308.0,51.81,V39
ATTARI FABRICATION,199125.0,1,199125.0,51.76,V39
AAVESH RAUF SHEIKH,198998.0,1,198998.0,51.76,V39
SHRI GANESH ASSOCIATES PROPRIETOR NARAYAN SHARMA,198912.0,2,99456.0,33.27,V39
Prasanta Dutta,198865.0,1,198865.0,51.43,V39
S K ROMAN PAINTS HARDWARE AND ELECTRICALS,198652.0,1,198652.0,51.43,V39
MANJUNATH M C,198410.0,1,198410.0,51.38,V39
KANTESHWAR JUTH GRAM PANCHAYAT,198384.0,1,198384.0,51.39,V39
PORDA gram panchayat,197883.0,1,197883.0,51.36,V39
RAJASTHAN CONSTRUCTION AND ENTERPRISES,197303.0,1,197303.0,51.36,V39
ISHITA TRADERS,196942.0,1,196942.0,51.34,V39
BEJ NATH,196000.0,1,196000.0,51.14,V39
INDUS INITIATIVE COUNCIL,195706.0,1,195706.0,51.17,V39
OM SHAKTHI BOREWELLS,195704.0,1,195704.0,51.17,V39
KAVYASHREE ENTERPRISES,194110.0,1,194110.0,51.25,V39
DEVENDER REDDY KAVVA,193764.0,1,193764.0,51.27,V39
SHANKER NATH,193369.0,1,193369.0,51.11,V39
GRAM PANCHAYAT BAGHAYU,192500.0,1,192500.0,57.68,V39
SUDHIR BHATT,191912.0,3,63970.666666666664,52.41,V39
BHIMANUGAM GRAM PANCHAYAT,189460.0,1,189460.0,49.37,V39
S R S ENTERPRISES,187500.0,1,187500.0,48.16,V39
SUGREEV,187500.0,1,187500.0,48.16,V39
J M DALAPATI,187500.0,1,187500.0,48.16,V39
UMAKANT,187500.0,1,187500.0,48.16,V39
K S HARISH KUMAR,187500.0,1,187500.0,48.16,V39
MADESHA H,187500.0,1,187500.0,48.16,V39
SANTOSH KUMAR MALLICK,187121.0,1,187121.0,48.35,V39
Subash Chander,187000.0,1,187000.0,47.93,V39
Chanchal Singh,185900.0,1,185900.0,53.35,V39
MS A K ENTERPRISE,184294.0,1,184294.0,47.65,V39
SWARAN SINGH CONTRACTOR,182959.0,1,182959.0,47.66,V39
ANSH BUILDING MATERIAL,182650.0,1,182650.0,53.99,V39
Mushtaq Ahmad Panjra,182300.0,1,182300.0,47.85,V39
BHAKTIRATAN DAS,182000.0,1,182000.0,47.94,V39
GRAM PANCHAYAT DAURIYA,180000.0,1,180000.0,47.33,V39
GRAM PANCHAYAT BARIUMRAON,180000.0,1,180000.0,47.33,V39
GRAM PANCHAYAT BANDNI,180000.0,1,180000.0,47.33,V39
SHRI SANKAT MOCHAN JAN KALYAN SAMITI,180000.0,1,180000.0,47.33,V39
GP Barot,180000.0,2,90000.0,52.03,V39
MANOJ SINGH,179936.0,1,179936.0,47.41,V39
Mir and Co Prop Bilal Ahmad Mir,178709.0,1,178709.0,32.78,V39
ANIJLI SHARMA,178500.0,1,178500.0,47.5,V39
S K Enterprises,177827.0,1,177827.0,53.63,V39
BAJRANG CONSTRUCTION,176528.0,1,176528.0,32.43,V39
Dabbugunta Bhaktavatsalam,176201.0,1,176201.0,32.74,V39
NAHAR TRADING,175600.0,1,175600.0,47.95,V39
Gram Panchayat Tung,175000.0,2,87500.0,50.489999999999995,V39
SARPANCH SACHIV GP DEVGARH,175000.0,1,175000.0,48.31,V39
J S TRADING,172367.0,1,172367.0,48.65,V39
NARESH CONTRACTOR AND TRADING CO,172208.0,1,172208.0,48.73,V39
R P ELECTRICALS,170987.0,1,170987.0,48.65,V39
SUPRIYO DEB,168340.0,1,168340.0,48.45,V39
Sudhawati Devi,168150.0,1,168150.0,48.42,V39
AVTAR TRADING COMPANY,168100.0,1,168100.0,48.41,V39
SHRI CONSTRUCTION,167914.0,1,167914.0,48.47,V39
EXECUTIVE ENGINEER UPPCL EDD III EXP,167287.0,1,167287.0,48.68,V39
ZIMIDARA AGRO STORE,167235.0,1,167235.0,48.69,V39
Assistant Engineer,166785.0,1,166785.0,53.9,V39
Radhey Mohan International,165416.0,1,165416.0,48.99,V39
Mahadev prasad,163113.0,1,163113.0,49.84,V39
THE VK COOPERATIVE LABOUR AND CONSTRUCTION SOCIETY LIMITED,163052.0,1,163052.0,49.83,V39
BRAJAKISHORE SAHOO,162782.0,1,162782.0,49.81,V39
GILL PAINTS AND HARDWARE STORE,161840.0,2,80920.0,52.254999999999995,V39
gp aaju,160080.0,2,80040.0,33.39,V39
SARPANCH GRAM PANCHAYAT BODIDR,160000.0,1,160000.0,50.84,V39
SARPANCH GRAM PANCHAYAT SHIVPUR,160000.0,1,160000.0,58.04,V39
Lamba Cement and Iron Store Ghanauli,159698.0,1,159698.0,51.56,V39
Tahir Mohiuddin Mir,158860.0,1,158860.0,51.99,V39
Exajoule PVT LTD,158500.0,1,158500.0,52.82,V39
GP BHARNAL,156189.0,1,156189.0,53.01,V39
Tariq Ahmad Mir,155000.0,1,155000.0,53.04,V39
Ms Badyal Brothers Cement Store,155000.0,1,155000.0,60.24,V39
MS Daithun Kh Daimari Enterprise,153300.0,1,153300.0,53.05,V39
Debendra Prasad Mohapatra,153096.0,1,153096.0,53.04,V39
ANUJ INTERLOCKING,152251.0,1,152251.0,53.03,V39
JODHPUR VIDYUT VITARAN NIGAM LTD,151449.0,1,151449.0,52.99,V39
EX ENGINEER EDD II,151313.0,1,151313.0,52.98,V39
GOYAL CRUCIBLE HOUSE,150180.0,1,150180.0,52.79,V39
GILL TRADING COMPANY,150000.0,1,150000.0,40.5,V39
cmobistan,150000.0,1,150000.0,40.5,V39
gupta radios,150000.0,1,150000.0,40.5,V39
GRAM PANCHAYAT JAMANI,150000.0,1,150000.0,40.5,V39
GRAM PANCHAYAT HARI BEHNA,150000.0,1,150000.0,40.5,V39
gram panchayat rampur,150000.0,1,150000.0,48.5,V39
GRAM PANCHAYAT MISROD SARPANCH GRAM,150000.0,1,150000.0,40.5,V39
GP CHAURI,150000.0,1,150000.0,40.5,V39
Sarpanch Gram Panchayat Luchgaon,150000.0,1,150000.0,40.5,V39
Sarpanch Gram Panchayat CHACHEDI,150000.0,1,150000.0,40.5,V39
JITAN SAH,150000.0,1,150000.0,40.5,V39
Spectrum Services,150000.0,1,150000.0,40.5,V39
Jiedkupar Kharmaw,150000.0,1,150000.0,51.34,V39
AGLOD GRAM PANCHAYAT,150000.0,1,150000.0,40.5,V39
CHHALVANT JUTH GRAM PANCHAYAT,150000.0,1,150000.0,40.5,V39
Kamdhenu Agency,150000.0,1,150000.0,51.83,V39
DODIWADA GRAM PANCHAYAT,150000.0,1,150000.0,40.5,V39
GP JAMONIYA JP BIAORA,150000.0,1,150000.0,40.5,V39
GRAM PANCHAYAT MOKHALI,150000.0,1,150000.0,40.5,V39
RAJA K,150000.0,1,150000.0,40.5,V39
GRAM PANCHAYAT CHHUI,150000.0,1,150000.0,40.5,V39
GRAM PANCHAYAT PALASA,150000.0,1,150000.0,40.5,V39
Rishab Dev Agro Tech,150000.0,1,150000.0,40.5,V39
Gram Panchayat Gounta,150000.0,1,150000.0,40.5,V39
Gram Panchayat Golwan,150000.0,1,150000.0,40.5,V39
Mhatma budh prathmik vidyalaya Musaila Khurd,150000.0,1,150000.0,51.71,V39
NADASHA GRAM PANCHAYAT,150000.0,1,150000.0,40.5,V39
GRAM PANCHAYAT VANGAM,150000.0,1,150000.0,51.32,V39
National Sports and Games,150000.0,1,150000.0,58.46,V39
MEMAR GRAM PANCHAYAT,149916.0,1,149916.0,52.72,V39
LONGKI PHANGCHO,149830.0,1,149830.0,52.76,V39
Gram Panchayat Sarol,149829.0,1,149829.0,52.76,V39
Sarpanch Gram Panchayat Pouni,149800.0,1,149800.0,52.77,V39
lakhwinder singh,149600.0,1,149600.0,52.81,V39
SRI JALADHARE BOREWELLS,149597.0,1,149597.0,52.82,V39
VAJEWAL grampanchayat,149494.0,1,149494.0,52.84,V39
KOTARIYA gram panchayat,149494.0,1,149494.0,52.84,V39
CEO JP Pali sansad mad 18th,149233.0,1,149233.0,52.93,V39
BIDHANSABHA KSHETRA OBRA SAHAYAK ABHIYANTA,149018.0,2,74509.0,33.32,V39
PUNNIYAKHIDI,148562.0,1,148562.0,52.96,V39
NEELAM,148180.0,1,148180.0,52.97,V39
YOGENDRA KUMAR PATEL,148020.0,1,148020.0,52.96,V39
RAJENDRA PRASAD OJHA,147913.0,1,147913.0,52.96,V39
ACHU ALIAS ALEX,147568.0,1,147568.0,52.97,V39
MRITYUNJOY KHANIKAR,146750.0,1,146750.0,52.88,V39
SURADA SONIYA,146346.0,1,146346.0,52.85,V39
JUNIOR ENGINEER RDSD BOKARO,145000.0,4,36250.0,48.125,V39
CEO Janpad Katghora,145000.0,1,145000.0,52.31,V39
GANGA ARYA,144775.0,1,144775.0,52.29,V39
Keshav Dutt and Brothers,144484.0,1,144484.0,52.3,V39
ANITA,142545.0,1,142545.0,52.25,V39
BHARAT TRADING CO,141060.0,1,141060.0,51.98,V39
Anmol Kalia,140519.0,1,140519.0,51.88,V39
Karsan Singla Govt Contractor,139935.0,1,139935.0,51.9,V39
Sangrur Tiles,136800.0,1,136800.0,58.22,V39
Gouranga Charan,136025.0,1,136025.0,51.07,V39
Gurnoor building material,134400.0,1,134400.0,51.44,V39
THE MEHLA COOP LC SOCIETY,134080.0,1,134080.0,51.41,V39
Pradip Saha,133961.0,1,133961.0,38.76,V39
MRK CONSTRUCTIONS,133800.0,1,133800.0,51.38,V39
Shankar Singh,133700.0,1,133700.0,51.52,V39
Mehraj ud Din Shah,133300.0,1,133300.0,51.47,V39
Sh Anchal Singh So Khushi Ram Ro Kumate Tehsil Rajgarh District Ramban Contractor,131300.0,1,131300.0,51.58,V39
BHAWNA,130941.0,1,130941.0,51.52,V39
Tirumalasetty Ashok Kumar,130677.0,1,130677.0,51.5,V39
Bhagirathi Gond,130339.0,1,130339.0,51.4,V39
jai maa bhawani construction,129800.0,1,129800.0,51.18,V39
Dasmesh tiles and buliding material,128838.0,1,128838.0,49.85,V39
KUMAS GRAM PANCHAYAT,125265.0,1,125265.0,49.09,V39
KavalYellaiah,125000.0,1,125000.0,49.37,V39
gram panchayat lalutola,125000.0,1,125000.0,49.37,V39
SRI TIRUMALA ELEVATORS AND ENTERPRISES,125000.0,1,125000.0,49.37,V39
DAS ENTERPRISE,125000.0,1,125000.0,49.37,V39
Jambugoral Gram Panchayat,125000.0,1,125000.0,49.37,V39
Suryanarayana Bagepalli,125000.0,1,125000.0,49.37,V39
GRAM PANCHAYAT SURELA KISHOR SFC,125000.0,1,125000.0,49.37,V39
Project Manager Nirmiti kendra gadag,125000.0,1,125000.0,49.37,V39
GP Kupahda,125000.0,1,125000.0,49.37,V39
MAHESH KULAGUDE,124731.0,1,124731.0,49.22,V39
SANJU SHIVAPPA JEEVANNAVAR,124708.0,1,124708.0,49.18,V39
PRIYESH GOUNDADKAR,124690.0,1,124690.0,49.18,V39
GRAM PANCHAYAT SARSED,124582.0,1,124582.0,49.12,V39
AJITH KUMAR P T,123954.0,1,123954.0,48.71,V39
SHRISHAIL BUDDAPPA HONNAKORE,123588.0,1,123588.0,48.7,V39
GP Rathiar,123569.0,1,123569.0,34.25,V39
AEN AVVNL KDL JJM,123350.0,1,123350.0,48.7,V39
Vinod Kumar Parashar,123270.0,1,123270.0,48.79,V39
KIRAN TEJASWI YALIBALLI,122233.0,1,122233.0,32.5,V39
RAJESH KUMAR,121778.0,2,60889.0,34.035,V39
VEERESH G,121252.0,1,121252.0,32.33,V39
DIPTI ENTERPRISE,120703.0,1,120703.0,32.3,V39
Ghulam Hassan Mir,120515.0,1,120515.0,32.51,V39
P HANUMANTHAPPA,120178.0,1,120178.0,32.97,V39
PradhanGP Kufri,120000.0,1,120000.0,32.97,V39
GP Pangna,120000.0,2,60000.0,50.0,V39
Biju Hussain,120000.0,1,120000.0,32.97,V39
Sarpanch Gram Panchayat KERIYA,120000.0,1,120000.0,32.97,V39
VADU GRAM PANCHAYAT,120000.0,1,120000.0,32.97,V39
PATDI,120000.0,1,120000.0,32.97,V39
Gram Panchayat Pali,120000.0,1,120000.0,32.97,V39
Gram Panchayat Silh Badhani,120000.0,1,120000.0,32.97,V39
Gram Panchayat Kathog,120000.0,2,60000.0,50.0,V39
THIRUPATHYRAJ R,120000.0,1,120000.0,32.97,V39
SEXNA CABLE INDUSTRIES,119861.0,1,119861.0,32.97,V39
DAPPU MAHENDER,119842.0,1,119842.0,32.97,V39
KIRAN RADDER,119696.0,1,119696.0,33.05,V39
TARA SINGH BKO,119279.0,1,119279.0,33.77,V39
Sahib Preet Traders,118556.0,1,118556.0,33.78,V39
GUPS CHERUPULASSERY,117924.0,1,117924.0,33.77,V39
Karsan Singla Govt Cont,117111.0,1,117111.0,49.14,V39
MS SHRIDEVI ASSOCIATS PROP DEEPAK PATIL,117043.0,1,117043.0,49.17,V39
Markanti Sathish,116872.0,1,116872.0,50.29,V39
SECRETARY PATTIAM GRAMAPANCHAYATH,116600.0,1,116600.0,50.99,V39
RACHNA ENTERPRISES,115000.0,1,115000.0,52.41,V39
CAPITAL AC EDD BEHAT,113721.0,1,113721.0,52.73,V39
DILEEP,113649.0,1,113649.0,52.79,V39
Sarpanch Cement Iron Store,110527.0,1,110527.0,52.57,V39
KAPS MOTORS,110518.0,1,110518.0,52.57,V39
sarabjit cement store vill baddon,110071.0,2,55035.5,53.32,V39
BHULLAR FARMS,109201.0,2,54600.5,50.285,V39
Gourav Verma,108155.0,1,108155.0,54.55,V39
BANWARI LAL SURESH KUMAR,106332.0,1,106332.0,54.65,V39
AMA ZILA PANCHAYAT UTTARKASHI,106100.0,1,106100.0,54.65,V39
ANUJ Panwar,106092.0,1,106092.0,54.65,V39
Warsi Medico Systems and Services,106000.0,1,106000.0,54.65,V39
KARMJIT SINGH,105638.0,1,105638.0,54.62,V39
GRAM PANCHAYAT LIMTARA,105317.0,1,105317.0,54.62,V39
PRITOM TRIBEDI,104000.0,1,104000.0,54.61,V39
GRAM PANCHAYAT TILA,103819.0,1,103819.0,54.6,V39
gram panchayat sijora,103817.0,1,103817.0,54.6,V39
VENGADACHALAM,102421.0,1,102421.0,54.67,V39
The RUDRA CO OP L AND C SOCIETY LTD,102115.0,2,51057.5,53.575,V39
Kashipura Gram Panchayat,100000.0,1,100000.0,42.13,V39
JETHOLI GRAM PANCHYAT GRAM PANCHYAT,100000.0,1,100000.0,42.13,V39
gram panchayat noni,100000.0,1,100000.0,42.13,V39
gram panchayat katkuhi,100000.0,1,100000.0,42.13,V39
gram panchayat khamariya,100000.0,1,100000.0,42.13,V39
G P Nichala Garoru,100000.0,1,100000.0,42.13,V39
GP Kutahar,100000.0,1,100000.0,42.13,V39
Gram Panchayat Hataun,100000.0,1,100000.0,42.13,V39
KHOKHARAUMAR GROUP GRAM PANCHAYAT,100000.0,1,100000.0,42.13,V39
Sec GP Parsda Hawani,100000.0,1,100000.0,42.13,V39
KAHONA GRAM PANCAHAYT,100000.0,1,100000.0,42.13,V39
JB BROTHERS,100000.0,1,100000.0,42.13,V39
GP MASERAN,100000.0,1,100000.0,42.13,V39
Gritalson Arengh,100000.0,1,100000.0,42.13,V39
Gram Panchayat Dashrangpur,100000.0,1,100000.0,42.13,V39
Gram Panchayat Navlaye,100000.0,1,100000.0,42.13,V39
GRAM PANCHAYAT KANAJIYA,100000.0,1,100000.0,42.13,V39
GRAM PANCHAYAT NAWATOLA,100000.0,1,100000.0,42.13,V39
GRAM PANCHYAT KHAMI,100000.0,1,100000.0,42.13,V39
GRAM PANCHAYAT MATKULI SFC,100000.0,1,100000.0,42.13,V39
Gram Panchayat Gothda,100000.0,1,100000.0,42.13,V39
OSLAM GRAM PANCHAYT,100000.0,1,100000.0,42.13,V39
SARPANCH GRAM PANCHAYAT CHOURAHET,100000.0,1,100000.0,42.13,V39
sarpanch gp khamrajethu,100000.0,1,100000.0,42.13,V39
Gram Panchayat Mahratola,100000.0,1,100000.0,42.13,V39
UGTA SURAJ,100000.0,1,100000.0,42.13,V39
FELSANI GRAM PANCHYAT GRAM PANCHYAT,100000.0,1,100000.0,42.13,V39
Nityanand Palariya,100000.0,1,100000.0,42.13,V39
GRAM PANCHAYAT SANDIYA SFC,100000.0,1,100000.0,42.13,V39
GRAM PANCHAYAT RAMHEPUR,100000.0,1,100000.0,42.13,V39
GRAM PANCHAYAT SANGALI,100000.0,1,100000.0,42.13,V39
BDO Nagrota Bagwan,100000.0,1,100000.0,34.63,V39
FULETRA GRAM PANCHAYAT,100000.0,1,100000.0,42.13,V39
GP SILARIKALA JP UDAIPURA,100000.0,1,100000.0,42.13,V39
BANDISERVAN GRAM PANCHAYAT,100000.0,1,100000.0,42.13,V39
NAVGAMA GRAM PANCHYAT GRAM PANCHYAT,100000.0,1,100000.0,42.13,V39
Tejpura gram panchayat,100000.0,1,100000.0,42.13,V39
THADOD GRAM PANCHAYAT,100000.0,1,100000.0,42.13,V39
YVS Fitness and gym equipment,100000.0,1,100000.0,42.13,V39
V HARI BABU,99980.0,1,99980.0,54.23,V39
RATU MONI SARMAH,99926.0,1,99926.0,54.32,V39
DHANVADA GRAM PANCHAYAT,99816.0,1,99816.0,54.36,V39
SHIV CONSTRUCTICN KATSOORA,99540.0,1,99540.0,36.79,V39
Gram Panchayat Napa Talpad,99462.0,1,99462.0,54.53,V39
MAHESH CHANDRA,99277.0,1,99277.0,54.55,V39
JESAPURA gram panchayat,99210.0,1,99210.0,54.55,V39
shivoham by Gajanan,98654.0,1,98654.0,54.62,V39
MS JOSHI ENTERPRISES,98092.0,1,98092.0,54.66,V39
ms Karam Chand hari singh bko,97944.0,1,97944.0,61.87,V39
Asha Devi,97068.0,1,97068.0,53.79,V39
Inderjeet Singh,96600.0,1,96600.0,54.76,V39
VARDHAN ENTERPRISE,96000.0,2,48000.0,57.08,V39
BDO LAKHANPUR,95982.0,3,31994.0,53.26,V39
Sachiv gram panchayat Mehraghat,94000.0,2,47000.0,50.7,V39
Jagdeep Singh,93800.0,2,46900.0,50.72,V39
GS TILES,93200.0,1,93200.0,54.61,V39
HEADMISTRESS SNUPS CHURULY,92752.0,1,92752.0,54.61,V39
HP STate Civil Supplies Corporation Limited Shimla,92000.0,1,92000.0,54.04,V39
GH LANDSCAPES,92000.0,1,92000.0,54.04,V39
AAI LAXMI ENTERPRISE,89557.0,1,89557.0,53.52,V39
Surya Bricks Company,89094.0,1,89094.0,53.36,V39
Rajul Ahmed,87920.0,1,87920.0,52.58,V39
Rabbul Hussain,87920.0,1,87920.0,52.58,V39
Abduk Rajak,87920.0,1,87920.0,52.58,V39
DEVI LAL KUMAWAT,84520.0,1,84520.0,51.9,V39
Surendra Kumar Sharma,83480.0,1,83480.0,51.4,V39
SONIA RANI,82800.0,1,82800.0,51.69,V39
BASANT KUMAR,81850.0,1,81850.0,51.68,V39
SHANKAR LAL BASER,81052.0,1,81052.0,51.94,V39
sagar general store,80270.0,1,80270.0,51.52,V39
Jyoti Rawat,80256.0,1,80256.0,51.5,V39
SUNITA,80040.0,1,80040.0,36.32,V39
GP Thali,80000.0,1,80000.0,51.37,V39
GP Urla,80000.0,1,80000.0,51.37,V39
GP Baridhar,80000.0,1,80000.0,51.37,V39
GP Sorta,80000.0,1,80000.0,51.37,V39
GP Belardhar,80000.0,1,80000.0,51.37,V39
Executive Engineer Public Health Works Division Morbi,79883.0,1,79883.0,51.29,V39
PTA GOVT UP SCHOOL KALARCODE,79370.0,1,79370.0,50.99,V39
Pinninti Ramanamma,78792.0,1,78792.0,50.55,V39
Aggarwal Sanitary Store,77870.0,1,77870.0,50.33,V39
Bushahr Trades,77275.0,1,77275.0,50.3,V39
SIRA RONGHANGPI,77000.0,1,77000.0,38.89,V39
M S 790 NSS KARAYOGAM NADUBHAGAM,75558.0,1,75558.0,34.78,V39
RAINU CONSTRUCTION COMPANY,75520.0,1,75520.0,34.68,V39
Rema N R,75337.0,1,75337.0,34.39,V39
SFC GRAM PANCHAYAT MATHNI,75000.0,1,75000.0,51.64,V39
Sachiv Gram panchayat kulamadi,75000.0,1,75000.0,51.64,V39
YADAV TRADERS,75000.0,1,75000.0,51.64,V39
GRAM PANCHYATBINEKI,75000.0,1,75000.0,51.64,V39
GRAM PANCHYAT LINGPANI,75000.0,1,75000.0,51.64,V39
GP SAGONIYA JP BADI,75000.0,1,75000.0,51.64,V39
ASSISTANT ENGINEER LAEO BODHGAYA VIDHAN SABHA,74976.0,1,74976.0,51.64,V39
MR KURWAN GRAM PANCHAYAT KURWAN,74945.0,1,74945.0,51.64,V39
ASSISTANT ENGINEER WAZIRGANJ,74674.0,1,74674.0,51.64,V39
Videya vanti,74124.0,1,74124.0,52.47,V39
Sachiv gram panchayat Nitaya,74000.0,1,74000.0,52.45,V39
SHARADA CONSTRUCTION AND SUPLIERS,73331.0,1,73331.0,53.32,V39
RANA CONTRACTOR AND SUPPLIER,72688.0,1,72688.0,53.88,V39
bdo lamgara royalty,72572.0,1,72572.0,53.94,V39
Beant Singh,71218.0,1,71218.0,54.12,V39
RAVINDRA,71170.0,1,71170.0,61.31,V39
Bhupinder Singh,70448.0,1,70448.0,53.15,V39
ASHOK KUMAR RATHORE,70240.0,1,70240.0,41.3,V39
Dhanaula Pump Store,70000.0,1,70000.0,33.71,V39
Gram Panchayat Bhadyara bhulla,70000.0,1,70000.0,33.71,V39
Gram Panchayat Bharol,70000.0,1,70000.0,33.71,V39
Gram Panchayat Matehar,70000.0,1,70000.0,33.71,V39
Gram Panchayat Bihun,70000.0,1,70000.0,33.71,V39
Sewa Bharti samitti Ropri Kalehru,70000.0,1,70000.0,33.71,V39
Gram Panhayat Tullah,70000.0,1,70000.0,33.71,V39
Gram Panchayat Trembli,70000.0,1,70000.0,33.71,V39
Gram Panchayat Nauhali,70000.0,1,70000.0,33.71,V39
Gram Panchayat Khadiar,70000.0,1,70000.0,33.71,V39
Gram Panchayat Langna,70000.0,1,70000.0,33.71,V39
Gram Panchayat Tikroo,70000.0,1,70000.0,33.71,V39
Gram panchayat Kolang,70000.0,1,70000.0,33.71,V39
Gram Panchayat Talkehar,70000.0,1,70000.0,33.71,V39
Gram Panchayat Pihar Bhedlu,70000.0,1,70000.0,33.71,V39
Gram Panchayat Khaddar,70000.0,1,70000.0,33.71,V39
Gram Panchayat Bhadyara,70000.0,1,70000.0,33.71,V39
Gram Panchayat Utpur,70000.0,1,70000.0,33.71,V39
AE ARWAL,69739.0,1,69739.0,33.78,V39
Sudhir Bare,69700.0,1,69700.0,33.78,V39
GURU NANAK CEMENT STORE,69000.0,1,69000.0,61.37,V39
Banty Electrical,68668.0,1,68668.0,54.29,V39
aakash,68627.0,1,68627.0,54.31,V39
Sri Ragavendra Bore wells,68627.0,1,68627.0,54.31,V39
Amar Agro Industries,68250.0,1,68250.0,54.35,V39
GAURAV,67350.0,1,67350.0,37.76,V39
GRAM PANCHAYAT KHANNI JHIKLI,65000.0,1,65000.0,54.41,V39
puran singh,64260.0,1,64260.0,53.5,V39
HEADMASTER GUPS KAMBALAKKAD,64000.0,1,64000.0,53.25,V39
Manpreet Singh,63920.0,1,63920.0,53.2,V39
jasvir Singh,62962.0,1,62962.0,52.19,V39
sarfraz khan,62118.0,1,62118.0,35.43,V39
Lahori Ram,62000.0,1,62000.0,42.62,V39
Laxmi Health Agencies,61425.0,1,61425.0,34.14,V39
RAJKUMAR DUARAH,61420.0,1,61420.0,34.14,V39
mausam kumar,60270.0,1,60270.0,34.45,V39
sarpanch gp khajriantu,60000.0,1,60000.0,34.45,V39
sarpanch gp dhala,60000.0,1,60000.0,34.45,V39
GP Bhararoo,60000.0,1,60000.0,34.45,V39
GP Hargunen,60000.0,1,60000.0,34.45,V39
GP Kunnu,60000.0,1,60000.0,34.45,V39
Prashar Yuvak Mandal Rehardhar,60000.0,1,60000.0,34.45,V39
PradhanGP Kadhar,60000.0,1,60000.0,34.45,V39
Pradhan GP Masoli,60000.0,1,60000.0,34.45,V39
Gram Panchayat Bhager,60000.0,1,60000.0,34.45,V39
GRAM PANCHAYAT ARJUNWADI,60000.0,1,60000.0,34.45,V39
Gram Panchayat Latran,60000.0,1,60000.0,34.45,V39
Pradhan GP Dhart Bagla Sec GP Dart Bagala,60000.0,1,60000.0,34.45,V39
Shri Radha Krishan Contractor,59991.0,1,59991.0,34.45,V39
JADU RAIDANGIA,59200.0,1,59200.0,50.57,V39
VIVEK ENTERPRISES,59156.0,2,29578.0,38.05,V39
MADHAV KUMAR RADHE SHAM,59105.0,1,59105.0,50.57,V39
SHREE BALAJI ENTERPRISES,57520.0,1,57520.0,51.57,V39
MS Bezbaruah Enterprise,56916.0,1,56916.0,52.85,V39
Sarpanch Kulwant Kaur,56100.0,1,56100.0,53.51,V39
SIX FILTERS TECHNOLOGY,56000.0,1,56000.0,53.56,V39
MAHENDRA SINGH,55185.0,1,55185.0,53.82,V39
UJJAWAL ENTERPRISE,53460.0,1,53460.0,52.7,V39
Nemi Chand Sharma,53252.0,1,53252.0,52.46,V39
KERIYA GRAM PANCHAYAT,51000.0,1,51000.0,50.93,V39
Jodh Singh Sarpanch Rabbon Uchi,50848.0,1,50848.0,50.68,V39
GP CHHAWARA JP BADI,50000.0,1,50000.0,34.43,V39
Gram Panchayat Dahevan,50000.0,1,50000.0,34.43,V39
Sarpanch Gram Panchayat Hirankheda,50000.0,1,50000.0,34.43,V39
Gram Panchayat Umlav,50000.0,1,50000.0,34.43,V39
Sarpanch Gram Panchayat Vasaniyakalan,50000.0,1,50000.0,34.43,V39
GRAM PANCHAYAT RAIKHEDI SFC,50000.0,1,50000.0,34.43,V39
SEDARADI GRAM PANCHAYAT,50000.0,1,50000.0,34.43,V39
Sarpanch Gram Panchayat Somalwada,50000.0,1,50000.0,34.43,V39
Negi supplier,50000.0,1,50000.0,34.43,V39
ASHOK CEMENT AND IRON STORE,49630.0,1,49630.0,34.44,V39
MS RAJ ELECTRIC STORE,49205.0,1,49205.0,34.44,V39
JASWINDER KAUR,49164.0,1,49164.0,34.44,V39
DINESH KUMAR DUBEY,49125.0,1,49125.0,34.44,V39
VISHWANATHA GOWDA B N,48709.0,1,48709.0,34.51,V39
jaspreet kaur wo Sandeep Singh,48601.0,1,48601.0,34.73,V39
kuldip Kumar,48180.0,1,48180.0,34.73,V39
VIRMA RAM,47880.0,1,47880.0,34.75,V39
Mahila Mandal,47101.0,1,47101.0,50.69,V39
SEEMA NAULA,46848.0,2,23424.0,52.635000000000005,V39
GS Building Material Store,46672.0,1,46672.0,50.89,V39
Fulpreet Singh,46516.0,1,46516.0,51.46,V39
BDO Champua Royalty,45406.0,2,22703.0,54.81,V39
Goyal Sports And Trophy House,45000.0,1,45000.0,52.91,V39
GR ENTERPRISES SAS Nagar MOHALI,45000.0,1,45000.0,52.91,V39
Suresh naika,43886.0,1,43886.0,52.15,V39
Jeet Electric Works Sekha,43078.0,1,43078.0,51.81,V39
Dashmesh brick traders,42400.0,1,42400.0,51.9,V39
NEHRA ELECTRICALS AND CONSTRUCTION COMPNAY,42242.0,1,42242.0,51.93,V39
THEPS COOPERATIVE SOCIETY,42168.0,1,42168.0,51.95,V39
Abdul Gani Koka,41344.0,1,41344.0,51.76,V39
VIRAT BRICKS KILN INDUSTRIES,41000.0,1,41000.0,51.81,V39
jai baba maya giri ji interlock tiles,40169.0,1,40169.0,51.34,V39
GRAM PANCHYAT NER,40000.0,1,40000.0,51.4,V39
GRAM PANCHAYAT SAROTH,40000.0,1,40000.0,51.4,V39
GRAM PANCHAYAT GADMAU,40000.0,1,40000.0,51.4,V39
GRAM PANCHAYAT MAU,40000.0,1,40000.0,51.4,V39
bagha Hardware Paint Store,39590.0,1,39590.0,51.31,V39
Godhan Singh,39570.0,1,39570.0,51.32,V39
S M ENTERPRISES,39550.0,1,39550.0,51.33,V39
BALJIT RAM,38470.0,1,38470.0,51.43,V39
Gurkirpa Steel,37398.0,1,37398.0,51.59,V39
AARTI,37245.0,1,37245.0,36.7,V39
Rakesh Jatav,35250.0,1,35250.0,52.26,V39
Pardeep Electrical,34920.0,1,34920.0,52.25,V39
Karansher Singh,33183.0,1,33183.0,52.75,V39
kulwinder singh bhwanpura,32000.0,1,32000.0,52.25,V39
KAILASH BRICK TRADERS,31920.0,1,31920.0,52.19,V39
asha devi,31122.0,1,31122.0,52.77,V39
GRAM PANCHAYAT TIKKAR,30000.0,1,30000.0,35.93,V39
Sachiv gram panchyat Piperpani,30000.0,1,30000.0,35.93,V39
VSR Agencies,29998.0,1,29998.0,35.92,V39
The Aggarwal Gram Udyog Samti,29005.0,1,29005.0,35.92,V39
HOSPITAL MANAGEMENT COMMITTEE PHC ANGADIPURAM,28784.0,1,28784.0,35.63,V39
The Sarswal CoOp L and C Society LTD,28514.0,1,28514.0,35.63,V39
Karanveer Singh,28200.0,1,28200.0,35.34,V39
Harchand Singh,27000.0,1,27000.0,35.25,V39
Makhan Singh,27000.0,1,27000.0,35.25,V39
MANDEEP KAUR,26608.0,1,26608.0,35.2,V39
SURJIT SINGH BKO,25098.0,1,25098.0,35.2,V39
GRAM PANCHAYAT RICHHEDA,25000.0,1,25000.0,35.2,V39
Khyati Sports,25000.0,1,25000.0,35.2,V39
Block Development Officer Royalty,24274.0,1,24274.0,34.89,V39
Parkesh Chand,24000.0,1,24000.0,34.58,V39
CHANCHAL SINGH,23795.0,1,23795.0,53.12,V39
JINDAL CONSULTANTS,23600.0,1,23600.0,56.44,V39
GRAM PANCHAYAT KUMMI,20000.0,1,20000.0,34.67,V39
Gram Panchayat Khandla,20000.0,1,20000.0,34.67,V39
GP Behal,20000.0,1,20000.0,34.67,V39
Jasvir Kaur,19036.0,1,19036.0,34.63,V39
Shree Balaji Cement Store,18450.0,1,18450.0,34.63,V39
Krimta Devi,17509.0,1,17509.0,34.68,V39
jain iron store,16997.0,1,16997.0,34.76,V39
BDO GHASIPURA ROYALTY,16869.0,1,16869.0,34.79,V39
AMRIT SINGH,14822.0,1,14822.0,51.69,V39
HEERA SINGH BISHT,14441.0,1,14441.0,51.82,V39
SUMAN,10115.0,1,10115.0,51.4,V39
Seema devi,10080.0,1,10080.0,52.59,V39
GP Chandyal,10000.0,1,10000.0,52.75,V39
MS BDO JHUMPURA ROYALTY AND ADDITIONAL CHARGES,8179.0,1,8179.0,52.99,V39
The karma Co op L and C Society Ltd,7831.0,1,7831.0,53.03,V39
RKTREDERS,7262.0,1,7262.0,53.15,V39
Pinky Kumari Sharma,6693.0,1,6693.0,53.26,V39
Punjab Cement Store,5500.0,1,5500.0,53.51,V39
Singla Cement Store,4000.0,1,4000.0,50.77,V39
Sukhdeep so of Birbal,3000.0,1,3000.0,53.93,V39
JARNAIL SINGH,2758.0,1,2758.0,53.97,V39
Alyas ahmad mir,682.0,1,682.0,54.19,V39
JAGDEV SINGH,1.0,1,1.0,54.3,V39
